#  x-coord,   y-coord,   z-coord,  in/out
   4.81584,  -4.38307,   1.11078,   0
   0.65464,  -0.33087,  -1.96624,   0
  -1.90471,  -2.83580,  -1.02439,   1
   0.90440,   0.85031,  -1.93840,   0
   1.69336,  -1.96091,   1.46562,   1
  -0.04913,  -2.91633,   1.52345,   1
   0.97675,   3.54611,  -0.15770,   1
  -2.91524,   1.98260,  -0.07970,   1
  -1.46576,  -5.19659,  -1.76043,   0
  -4.51858,   2.34584,   1.84020,   0
   1.28856,  -4.69060,   1.16754,   0
  -3.16114,  -3.99850,   2.11696,   0
  -1.34646,   5.01327,  -1.03110,   0
   0.26301,  -2.48615,  -1.83902,   1
   1.58980,  -3.98280,   0.99238,   1
   3.31617,   0.13764,  -1.69998,   1
  -4.60939,   1.13935,  -1.85026,   0
  -3.75790,   4.68575,  -0.32775,   0
  -2.61873,  -2.61525,  -1.87453,   0
   2.74932,   5.06718,   0.01768,   0
   0.51987,   0.11236,  -0.09657,   0
  -2.09796,  -5.16910,   1.08208,   0
   2.92650,   5.16700,  -0.33091,   0
  -1.51071,  -3.66322,  -0.74403,   1
   3.65739,   1.16389,   1.34452,   1
   2.71213,   0.54837,  -0.70837,   1
  -3.72654,   1.47658,  -0.97204,   1
   1.87867,   1.36460,  -0.80892,   1
  -1.56804,   3.37665,  -0.01757,   1
  -1.19127,  -4.01271,  -0.31413,   1
   0.14352,   2.02428,   1.62769,   1
  -2.23097,  -4.57327,   2.04774,   0
  -4.06268,   3.99385,   0.91687,   0
  -1.88503,  -3.04514,   1.53824,   1
   3.46391,   5.01666,  -1.96929,   0
  -4.98977,  -4.14372,  -0.33217,   0
   1.39409,  -3.27536,   0.30992,   1
  -3.46511,  -3.25779,   1.77141,   0
  -0.26383,   1.30927,  -0.48922,   1
   3.94511,   3.66347,   1.70390,   0
  -1.57175,   0.81932,  -1.44484,   1
  -2.46719,   4.83381,  -1.28765,   0
   3.64602,   1.00762,  -1.10646,   1
  -4.91735,   0.99487,  -1.18018,   0
   3.37398,   3.40532,   1.83115,   0
  -1.67456,   2.62395,   0.10741,   1
   0.36112,   2.97378,   0.25374,   1
  -2.61399,  -3.74649,  -0.91384,   1
   1.60266,  -0.65870,  -1.99398,   0
   1.11021,   0.06293,  -1.84405,   0
   1.38837,  -3.69768,   0.57164,   1
  -0.34016,  -2.91189,  -1.97857,   1
   1.46874,  -2.51727,  -1.59549,   1
   4.52888,  -4.55291,   1.97490,   0
   2.69071,  -3.63296,   1.97483,   0
  -3.64434,  -0.14168,  -0.84581,   1
  -1.78958,   3.23069,   1.90503,   0
  -1.23079,   2.45725,  -1.90069,   1
   4.73932,   4.97304,   1.60856,   0
   4.16245,  -1.21734,   0.78098,   1
   2.68806,   0.87764,   2.15252,   0
   4.61791,   0.15824,  -1.97188,   0
   1.06132,   4.70207,  -0.99396,   0
   5.02702,   0.32549,  -1.70371,   0
   0.93464,   2.24405,   1.91350,   1
   0.49021,  -3.56084,   0.35652,   1
   0.43772,   3.29979,  -1.88208,   1
  -1.37614,  -3.91112,   1.41153,   1
  -1.68450,  -4.88369,  -2.18059,   0
   1.92023,   4.66146,  -2.02244,   0
   0.21038,  -2.99566,   2.13601,   0
   4.45877,  -2.63251,  -0.70388,   0
  -0.58834,  -4.22570,  -1.45997,   1
   3.95097,  -2.78534,   0.83867,   0
  -0.24757,  -2.16755,  -0.27680,   1
  -3.78027,  -1.40996,   0.46706,   1
   4.43390,   1.19582,  -0.18815,   1
  -4.21216,  -4.27605,   0.46730,   0
  -0.57979,  -0.88347,   0.72287,   0
  -0.56402,  -0.53350,   1.11938,   0
   0.91799,   5.01412,  -1.82879,   0
  -0.06472,  -0.25833,  -0.11096,   0
   3.61887,   4.65197,  -0.66040,   0
  -3.32350,  -3.82628,  -1.03698,   0
   4.87688,  -1.87886,  -0.80002,   0
  -3.53393,   2.11615,   1.07904,   1
   1.33025,  -1.02623,  -2.05586,   0
  -0.45465,  -0.99211,  -1.12248,   0
   2.05591,   3.93865,  -1.06620,   1
  -4.71354,  -1.23474,   0.07403,   1
  -0.26786,  -0.68027,  -0.09249,   0
  -1.98805,  -2.37563,  -0.20867,   1
  -0.08864,   4.49028,   0.14026,   1
   3.62002,  -4.21927,   1.14977,   0
  -0.27144,  -3.71016,  -1.96978,   0
   0.27485,   3.35758,   0.37021,   1
   3.07147,  -2.28448,   1.30243,   1
  -1.79342,  -5.11861,   2.07070,   0
   4.05726,  -0.73667,  -1.41588,   1
  -4.40192,  -0.28054,  -1.41568,   1
   2.94437,  -2.40164,   0.36948,   1
   5.18887,  -3.00874,   0.06243,   0
   1.16473,  -3.50829,   0.69710,   1
  -3.94583,   2.93203,   1.88863,   0
   4.14396,   0.61767,   0.04624,   1
  -3.92814,  -4.19535,  -0.22169,   0
   3.24487,  -4.87917,  -0.43506,   0
  -0.13083,   2.65981,   0.58598,   1
  -1.95727,  -3.60547,   1.91825,   0
  -1.88009,  -4.64979,  -0.33280,   0
  -2.01341,   5.15918,   1.77098,   0
   4.84189,   2.32520,  -1.66929,   0
  -2.19735,   3.76775,  -0.52951,   1
  -4.54844,  -0.44894,  -1.66346,   0
  -1.63289,   3.39502,  -0.40516,   1
   1.37009,   4.28917,  -1.43552,   0
  -4.82561,   2.52535,  -0.11608,   0
  -4.93741,  -0.47483,  -0.26670,   1
   4.40211,  -2.94010,  -0.89650,   0
  -2.72221,   1.86525,   1.18450,   1
   4.76137,   2.53433,   1.31160,   0
   1.47680,   2.89653,   1.28244,   1
   0.28712,  -3.44212,  -1.36176,   1
  -0.29619,   2.69401,   0.90691,   1
   2.81323,   4.18785,  -0.87623,   0
  -3.07698,  -2.72960,  -0.95011,   1
  -0.05398,   0.18414,   0.25551,   0
  -3.78017,   1.42347,  -1.99780,   0
  -4.73913,  -0.03136,   2.01715,   0
  -3.50051,   2.89655,  -0.05891,   1
   3.94240,   4.98650,  -0.34449,   0
  -0.77462,   1.91818,   1.00442,   1
   1.47926,   0.68739,   1.30192,   1
  -0.37975,   3.51604,   0.71820,   1
   3.44409,  -2.97042,  -0.24826,   1
  -3.47741,   0.73229,   0.94695,   1
  -4.86797,  -0.57855,  -0.08496,   1
   3.24042,  -2.93756,   1.38810,   1
  -0.92289,   4.46137,   1.33646,   0
  -0.35031,   3.95390,   0.30367,   1
  -4.79374,   3.72944,  -0.67720,   0
   3.86398,  -5.14895,  -1.27436,   0
  -4.38170,  -3.43025,   1.40245,   0
   2.29607,   3.31915,   0.29498,   1
  -1.38291,   1.19110,   1.12305,   1
   0.39851,  -0.74745,  -0.99702,   0
   2.76921,  -0.38355,  -1.23818,   1
   1.04546,  -1.29433,   1.19232,   1
   4.95605,  -2.99759,  -1.75457,   0
   4.20562,  -1.82164,   1.33992,   0
  -5.06920,   3.47526,  -1.17792,   0
  -2.86835,   2.51013,   0.33808,   1
  -2.75243,   4.12442,   0.26148,   1
   1.41008,   2.29510,   0.66683,   1
   2.71132,  -4.35012,  -0.42750,   0
   4.49718,   0.40419,  -2.09411,   0
  -1.48262,   4.79419,   1.19622,   0
  -2.80032,  -0.11214,   1.69989,   1
   3.02457,   4.62416,   0.06630,   0
   4.35383,  -1.78869,   2.05930,   0
  -0.74694,  -0.87788,  -0.79440,   0
   1.48827,   0.75787,   0.91336,   1
   1.03269,  -0.64444,  -0.37853,   1
  -4.82778,   4.34119,  -1.48173,   0
   4.53334,  -1.28897,  -0.52165,   1
   0.00312,   2.19195,   1.50313,   1
   0.99273,   1.70421,   0.84540,   1
  -2.81388,  -0.14518,   1.51496,   1
   3.81922,  -4.59271,  -1.71796,   0
   4.47737,  -0.89094,  -0.68548,   1
   3.42981,  -5.00646,  -0.50674,   0
   1.61688,   2.27943,  -1.92145,   1
   1.89125,   1.66220,  -1.13196,   1
  -4.27759,   5.04753,  -1.80497,   0
  -4.52040,   3.16305,   1.07703,   0
   2.70219,  -3.12955,   1.14159,   1
  -1.30772,   4.88100,  -1.10784,   0
  -4.07477,  -0.58293,  -2.15519,   0
   1.37938,   3.94536,  -0.54064,   1
  -0.03146,  -2.14565,  -1.19838,   1
  -4.08844,  -4.12689,  -1.30664,   0
   2.05364,  -4.32146,  -0.31069,   1
   1.89063,  -4.35678,  -0.41452,   1
  -4.87157,   0.52490,  -1.53658,   0
  -0.67810,   0.24419,  -1.65490,   0
  -0.52097,  -1.88867,  -0.12920,   1
  -1.95193,  -2.56468,  -0.18449,   1
   3.15971,   4.10825,   0.42510,   0
  -4.84386,   3.22260,  -1.74769,   0
   1.40352,   2.92147,  -0.36209,   1
   1.83603,  -0.59848,  -0.25480,   1
   1.70750,   1.37858,  -0.43214,   1
   1.78188,   1.25769,  -1.59444,   1
   0.23808,  -1.10318,  -1.79028,   0
   4.47850,   2.95919,   2.05062,   0
  -2.66963,  -0.02340,  -1.86797,   1
  -0.23649,  -4.28973,  -0.29153,   1
   4.61344,   2.36818,   1.79996,   0
   0.17655,   3.53293,  -0.36613,   1
   0.28339,   2.56033,  -0.36472,   1
  -4.34509,   1.81971,  -0.44855,   1
  -1.41859,  -1.41896,  -0.80450,   1
  -0.17930,   2.68970,   1.86823,   1
  -3.81867,  -0.91654,  -0.95435,   1
   0.83199,   2.46511,   0.93906,   1
  -2.38203,  -2.29368,  -0.54605,   1
  -0.67283,  -1.73863,  -0.76518,   1
   2.79699,  -1.93295,  -0.87175,   1
  -5.01039,  -1.52393,  -1.43348,   0
   2.90884,  -3.43608,   1.32745,   0
   1.37445,  -3.15113,  -0.27071,   1
   1.48870,  -3.93923,   0.40848,   1
   4.85479,  -3.51405,   1.11150,   0
   2.45699,   1.23659,   1.69272,   1
   4.85007,  -0.39926,  -0.31353,   1
  -2.05289,   2.64978,   0.64572,   1
   0.01831,  -4.50736,   1.71450,   0
  -4.67003,  -4.89410,  -0.05238,   0
   4.73409,  -4.16306,   0.25747,   0
  -2.69648,   1.61810,  -1.64738,   1
   2.44277,   3.03245,  -1.38541,   1
   2.06291,  -1.23453,   1.28049,   1
   0.48138,  -3.13810,   1.14760,   1
   3.35894,  -3.34564,  -0.70224,   1
   0.23761,   5.09476,   1.06145,   0
   1.04703,  -2.10178,  -0.31856,   1
  -0.58622,   2.37072,  -0.95509,   1
   0.73252,  -2.35444,   0.27053,   1
  -4.36477,   2.32648,  -1.58872,   0
   0.84449,   3.92446,  -0.35868,   1
   4.32674,  -2.13130,   0.96585,   0
   4.80328,  -1.40400,  -0.47981,   0
  -0.27160,   2.35717,   0.66183,   1
   1.40828,   0.77200,   1.33252,   1
  -0.53284,  -4.43005,   1.20116,   1
  -3.06984,   4.71158,   1.23542,   0
   5.09564,   1.35932,  -2.09957,   0
  -0.47082,  -4.83720,  -1.02771,   0
  -2.23793,   3.29245,  -1.31304,   1
  -4.62830,  -4.99116,  -0.27046,   0
  -2.33274,  -4.91621,   0.95810,   0
  -2.31897,   2.09201,   0.68034,   1
  -2.33809,   5.00008,  -0.98107,   0
   0.95925,   3.43321,  -1.18223,   1
  -1.93046,  -1.01180,   0.43655,   1
  -4.35861,   3.19506,   1.45560,   0
  -0.56885,  -2.25730,   0.00185,   1
   1.43840,   3.71658,  -1.25256,   1
  -3.52709,   1.89889,   0.83951,   1
   2.08535,  -4.84507,   1.91240,   0
  -1.59579,   3.22299,  -0.35271,   1
   2.40227,  -4.33326,  -1.73565,   0
  -2.72694,   0.01061,  -1.87098,   1
  -1.03890,   0.80491,  -1.91735,   0
   3.15515,   2.14297,   1.07854,   1
   0.50743,  -2.52553,  -1.66277,   1
   2.97394,  -0.84219,   1.37744,   1
   1.76115,  -3.85459,  -0.15018,   1
   3.61592,   0.76431,  -0.07702,   1
   2.95535,  -2.40808,  -1.32121,   1
   2.70390,  -0.64114,   0.02748,   1
   3.37738,  -0.91166,  -2.19696,   0
   4.38698,  -5.15533,   0.26844,   0
   4.01645,  -4.09888,  -0.57530,   0
  -1.73010,  -3.24692,   2.06496,   0
  -2.25798,   2.52993,   1.35858,   1
  -1.09234,   5.18871,  -0.31177,   0
   3.47206,   0.22350,  -0.42247,   1
   3.58488,   2.39553,  -0.29920,   1
  -3.24519,  -0.73549,   2.04987,   0
  -0.24131,   3.25526,  -0.89472,   1
  -5.05435,  -0.74032,   1.03152,   0
   4.29716,  -0.65001,  -0.75768,   1
   3.30330,  -1.22814,  -1.21560,   1
   2.97238,   4.40118,   0.66132,   0
   4.79866,   2.83650,  -0.60901,   0
   0.95795,   3.39345,   0.43640,   1
  -1.10258,   4.27746,   1.06520,   1
  -4.53743,   3.30059,  -0.69216,   0
  -4.74233,   0.47173,  -0.97678,   0
  -4.79750,   4.03085,  -0.33134,   0
  -4.44533,   1.31654,   0.50581,   1
  -3.99930,  -0.34349,  -0.50612,   1
   3.13160,  -3.71865,   1.64357,   0
  -2.73317,  -3.53774,  -0.36290,   1
  -0.01786,   3.89387,  -1.65957,   1
  -4.13316,   4.75891,   1.17210,   0
  -2.21973,  -0.99883,   0.96834,   1
   3.02519,  -4.52867,  -0.50099,   0
   0.78619,  -1.09049,   0.49142,   1
   1.21468,  -0.56464,  -1.61619,   0
  -1.74483,   2.25863,  -0.54923,   1
   4.73964,   5.18305,  -1.90695,   0
   0.93914,   2.83808,  -0.01203,   1
   1.93432,  -0.13434,   1.02823,   1
  -3.75587,   0.08470,   1.30349,   1
  -2.94959,   4.69068,  -1.52051,   0
  -3.33708,   4.20464,   0.24351,   0
   1.96457,  -4.55800,  -0.29467,   1
   0.46430,   4.25584,   1.78363,   0
  -3.13788,   4.11147,  -0.30227,   0
   3.28859,  -5.19861,   0.37879,   0
  -0.32531,  -4.84246,  -0.18890,   1
   4.92462,  -4.45188,   1.90891,   0
   4.75696,  -1.62497,  -1.08829,   0
  -0.10603,   0.04763,   0.40826,   0
  -0.72754,   4.07769,   1.78056,   0
  -3.60109,   1.50414,   0.91165,   1
  -1.15826,   3.44931,  -0.04014,   1
  -2.86387,  -2.16266,   0.16729,   1
   2.38488,  -4.27167,  -1.32275,   0
   4.95675,  -3.08937,   1.50478,   0
   0.26697,  -3.70819,   1.07421,   1
  -3.83497,  -1.87248,   0.46202,   1
   1.81080,   3.75775,   1.58411,   1
  -3.24299,  -1.65670,   1.32579,   1
   4.12983,   4.41106,  -1.31640,   0
   3.38142,   1.56990,  -0.20858,   1
   1.26018,   3.63217,   0.93496,   1
  -1.23580,  -1.93750,  -0.33910,   1
   0.16592,   3.15788,   1.73138,   1
   3.84259,  -1.87421,  -1.31105,   1
  -4.73611,   4.38517,   0.99747,   0
   4.15719,  -3.08572,   2.04931,   0
  -2.34214,  -0.42415,   0.06396,   1
   1.54646,  -2.16387,  -0.19349,   1
  -1.56322,   4.28083,   1.83047,   0
   4.92452,  -3.88013,   0.56966,   0
  -4.98379,   0.02039,  -0.33470,   0
   2.92319,   4.79785,  -2.17065,   0
  -4.14848,  -2.36954,  -0.47309,   1
  -1.42135,   1.31196,  -0.71321,   1
  -2.71778,   5.19352,   0.57772,   0
   3.90690,   0.34415,  -0.52559,   1
  -1.45111,  -2.52527,  -1.13167,   1
  -3.49019,   2.92812,  -0.19118,   1
   4.53429,   4.04409,  -0.47299,   0
  -3.48864,  -4.28327,   1.16404,   0
  -0.86975,   3.59693,   0.10419,   1
   2.49010,   4.05244,   0.84374,   1
  -2.15708,   2.78571,  -0.62952,   1
  -4.56816,  -3.30743,  -1.83946,   0
   2.06432,   4.05106,  -0.09491,   1
  -3.43924,   3.18648,   1.62401,   0
  -1.23074,   2.89869,  -2.03195,   0
   2.23486,  -1.33104,   0.63880,   1
  -3.08456,  -3.40843,   0.09268,   1
  -4.66878,   5.00944,   1.71586,   0
   0.87373,   2.80449,  -2.16917,   0
   4.30087,  -3.43345,  -0.96713,   0
   4.46013,  -2.69516,  -0.85829,   0
   2.69116,   1.52480,  -2.02109,   0
   4.72409,   1.56757,   0.56926,   0
  -4.32957,   4.60261,  -0.89000,   0
   1.23773,  -0.04088,  -1.93737,   0
  -1.88648,  -0.09795,  -1.82103,   0
   0.71851,   1.76714,  -2.09827,   0
  -1.94786,  -0.27790,  -1.78520,   0
  -0.24534,  -1.33851,   0.26704,   1
  -4.46749,  -1.29074,  -0.24749,   1
   3.71543,  -5.11530,   1.59140,   0
   5.04340,  -2.98148,  -2.01508,   0
  -3.76726,  -2.82880,   1.14249,   0
  -1.04370,   3.21763,  -1.69750,   1
  -3.49161,  -1.19046,   1.29716,   1
   3.62658,  -1.12892,  -1.40503,   1
   3.66916,  -4.97238,  -1.28154,   0
  -2.98314,   1.75414,   0.32620,   1
  -4.67073,   5.07076,   1.15440,   0
  -2.97265,  -4.87924,   1.58062,   0
  -1.84480,  -0.69891,  -0.23779,   1
  -0.35855,   3.88999,   0.03555,   1
   3.05095,  -2.86376,  -2.11818,   0
   0.70163,   4.19757,   0.61401,   1
   2.52188,  -3.00200,  -1.65448,   1
   2.55764,  -2.28891,   1.67221,   1
  -0.14615,   2.32284,  -1.44190,   1
  -0.22106,  -1.25298,   0.14426,   1
   0.19147,   3.75799,  -0.91866,   1
   0.69464,  -4.90451,  -0.87888,   0
  -2.69145,   3.77369,  -1.26992,   0
  -4.46960,   4.78973,  -0.50651,   0
  -2.87215,  -1.49851,   0.69669,   1
  -4.92685,  -3.24400,   1.55220,   0
   4.35196,   3.48945,  -1.66409,   0
   0.11350,   2.56426,  -0.98211,   1
   0.14812,   2.03000,   2.18408,   0
   2.21767,   2.70064,  -0.50348,   1
  -1.52784,   3.69321,  -0.07811,   1
   2.46227,   0.00728,   0.34150,   1
   3.62969,  -2.44617,   0.31835,   1
  -1.37970,   0.99484,   0.13986,   1
   1.78167,   2.69668,   1.49351,   1
   2.30354,   0.63281,  -0.11522,   1
  -1.61408,   0.05047,  -0.11981,   1
  -4.59334,  -0.67974,  -0.10254,   1
  -4.20069,   3.71779,   1.17642,   0
   1.03797,  -4.46647,   0.42688,   1
  -0.71466,  -0.27084,  -1.59557,   0
   1.42981,  -1.20613,   0.06514,   1
  -4.83600,  -2.33986,  -1.35006,   0
  -0.79619,  -5.14006,   2.19955,   0
   4.56712,   3.75415,  -0.87123,   0
  -3.76038,  -4.05414,   0.66692,   0
  -1.50953,  -3.73596,   0.38285,   1
  -1.34623,   3.61451,   0.27870,   1
   3.46365,  -0.47105,  -1.54532,   1
  -1.31501,  -4.53175,   2.08395,   0
   4.89142,  -3.54143,   1.92041,   0
  -2.96509,   3.41459,   1.81076,   0
   3.08986,   3.48994,  -1.40450,   0
  -0.61467,   2.99996,   1.29476,   1
   1.50158,  -0.94474,  -0.01271,   1
  -2.22357,  -2.00172,   1.32168,   1
  -0.72936,  -2.02142,   1.56701,   1
  -1.81639,   2.38368,   0.54591,   1
  -2.70461,  -3.21549,  -1.56456,   1
   1.99039,   1.10383,   0.37689,   1
   3.23963,   4.71153,  -1.49455,   0
  -4.20814,  -1.16203,   0.71081,   1
  -1.48311,   0.43753,  -2.02358,   0
  -3.88311,   5.18127,   1.84886,   0
   4.29721,   4.74794,   1.83377,   0
   2.20257,   4.40164,   0.58085,   0
  -2.93931,   1.11807,   1.43097,   1
   1.85116,  -1.87313,   1.39260,   1
   1.70244,   4.12407,   1.07631,   1
   0.58956,   3.31855,  -0.50138,   1
   4.47058,  -1.12718,  -1.62921,   0
  -3.29018,   2.39007,  -1.72967,   0
  -5.09983,   4.69163,   0.93877,   0
  -3.18969,  -4.11406,   1.06248,   0
   2.40328,   3.10387,  -1.90899,   0
   1.85575,  -4.78385,  -1.57996,   0
  -0.00690,  -0.99594,   0.19754,   0
   3.02293,   3.03900,   1.31481,   1
   1.73508,  -3.89568,  -1.06805,   1
  -4.67370,  -1.52592,   1.09363,   0
  -1.26277,  -2.94497,   0.89704,   1
   3.69627,  -0.63120,   0.10550,   1
   3.35839,   4.73693,   0.26764,   0
   3.30027,  -0.80135,   1.00131,   1
  -1.88949,  -0.47950,   1.87743,   0
  -4.93888,  -2.21353,  -1.11772,   0
   1.10948,  -4.33052,  -1.34848,   1
   2.62216,   2.96852,  -1.49027,   1
   4.40431,   3.96916,   1.60845,   0
  -1.53291,   1.89277,   1.85831,   1
   4.77725,   2.86672,   1.15895,   0
  -3.28639,   4.77498,   2.03948,   0
   3.27046,   0.11864,   0.67318,   1
  -2.80382,   2.24280,  -2.13433,   0
   1.41921,  -1.16058,   0.53157,   1
   3.71140,   3.36157,  -2.12172,   0
   0.69534,  -0.09969,  -2.13280,   0
   0.25517,   3.03394,  -1.18972,   1
  -3.80169,   3.26188,  -0.90082,   0
  -2.49606,   4.72562,  -1.89708,   0
   5.19889,  -4.30533,   1.30529,   0
  -0.53182,  -0.25364,   2.16680,   0
   3.78230,   1.13771,   0.07212,   1
   4.69228,   2.68388,   1.98386,   0
  -1.86875,  -0.64716,   0.55989,   1
   4.52150,   0.09399,  -0.03597,   1
   4.85978,  -4.72371,  -1.37340,   0
  -2.86216,   0.25416,   1.51058,   1
  -0.24973,   4.28242,  -0.92552,   1
  -3.16193,   4.59299,  -1.66114,   0
  -3.52306,  -3.99203,   1.36974,   0
   1.94718,   3.77415,   0.86865,   1
  -2.68085,  -1.14895,   1.88101,   1
   1.30825,  -1.62357,  -1.28627,   1
   0.76926,   2.08256,  -0.38662,   1
   0.53496,  -0.31071,  -0.60601,   0
   0.53320,   2.23804,   1.88655,   0
   5.19261,  -1.35374,   2.10047,   0
  -2.05559,   2.14006,   2.10484,   0
   3.84819,   2.95775,   0.69457,   1
  -0.42882,   0.28382,   0.67532,   0
   0.02363,  -4.12804,  -1.05493,   1
   2.08635,   0.94185,  -0.17323,   1
  -0.76086,   2.77388,  -1.33554,   1
   0.21080,   3.43301,   1.21652,   1
  -1.95911,   1.62841,  -1.35807,   1
  -2.93862,   1.58654,   0.81056,   1
  -4.32662,   1.23068,   1.70106,   0
   0.88490,  -5.11423,  -1.57702,   0
  -0.13820,  -0.35476,  -1.83265,   0
   2.24238,  -2.89049,   0.02515,   1
  -2.92744,  -0.46753,  -1.61664,   1
  -1.49734,   5.09285,  -0.95634,   0
   0.02581,  -4.19764,   1.67614,   0
  -3.76780,   3.33174,  -0.46980,   0
   1.22483,  -3.77663,   0.00225,   1
   1.59469,   1.62436,   2.18361,   0
  -4.27736,  -2.37810,   0.12257,   1
  -0.64025,   0.84892,   0.17959,   1
  -3.62364,   2.22997,  -1.57743,   0
   2.06194,   0.26388,   1.19881,   1
   2.24862,   4.02114,  -0.19196,   1
   5.14784,  -0.18389,  -1.18180,   0
  -0.79898,  -3.06220,   0.22325,   1
  -5.13069,  -2.43462,  -0.43123,   0
  -2.82892,  -5.03883,   0.35055,   0
   4.27192,   1.23354,   0.24866,   1
   0.05022,  -2.85117,   1.12584,   1
   2.90401,  -0.74727,   1.05802,   1
  -4.99254,  -4.45914,   0.74677,   0
   2.23486,   4.94642,  -1.91446,   0
  -2.20953,   1.34908,   0.31701,   1
  -3.72837,   3.74496,  -1.39537,   0
  -4.53626,   3.00735,   1.26857,   0
  -2.45834,  -5.10943,   0.75044,   0
  -3.45935,   2.98133,  -1.78075,   0
  -0.19728,   1.18123,  -1.27703,   0
   2.32023,   3.23518,  -0.14864,   1
   2.94635,  -0.17735,  -0.02212,   1
   4.32186,  -2.84708,  -0.79634,   0
   0.08623,  -0.03871,  -1.16850,   0
  -3.69947,   3.03514,  -1.82427,   0
   4.97792,  -1.70827,   1.64142,   0
  -1.18783,  -4.30182,  -1.20773,   1
   3.52833,   2.39976,   0.93252,   1
  -3.37784,  -2.72880,   0.45737,   1
  -1.43739,  -4.83323,   0.59827,   0
  -2.75505,  -4.58998,   1.00655,   0
  -0.85314,  -4.14851,   0.49677,   1
  -3.02878,   2.73329,   0.37484,   1
  -1.24339,   0.59734,   1.82539,   0
  -2.59673,   0.59548,   0.05359,   1
   0.47110,   3.75285,  -1.65119,   1
   3.79275,   4.47861,  -2.08182,   0
  -4.51502,  -5.14289,  -1.25739,   0
   1.71837,  -0.90595,  -1.05697,   1
   0.30931,  -1.28649,   0.51837,   1
   2.81328,  -4.48527,   2.02843,   0
  -5.15599,  -4.16606,  -0.40887,   0
  -2.18895,  -0.89386,   0.50625,   1
  -0.16750,   0.62331,   0.29843,   0
  -3.70006,  -2.05452,  -0.59892,   1
   0.97713,  -1.54050,  -1.11537,   1
   1.44224,  -4.16223,   1.48078,   0
   0.84645,  -4.79434,   0.55610,   1
   0.51159,  -1.04854,  -0.60838,   1
  -1.97013,   2.52948,   1.27365,   1
  -4.90060,   0.64380,  -0.08914,   1
  -0.39671,  -4.47179,   0.98325,   1
   2.37581,  -2.82699,  -0.77057,   1
   2.32511,  -3.95961,   0.42387,   1
   4.25725,  -2.99884,  -1.89048,   0
  -0.40624,  -1.50503,   1.29990,   1
   2.03438,   2.89567,   0.54252,   1
  -4.24823,   2.82356,  -1.61007,   0
   2.97106,   1.86251,  -0.67936,   1
  -1.94902,  -0.85516,  -1.03425,   1
  -1.10192,  -2.44720,   0.49495,   1
  -4.43192,  -1.98201,   0.75579,   0
  -2.28108,  -3.79652,   0.09104,   1
   1.68675,  -3.29596,  -1.30893,   1
   0.42721,  -3.88036,   0.53356,   1
  -1.12975,  -3.42885,  -1.92346,   0
  -5.18248,   4.27150,  -1.71100,   0
   0.00659,   1.32941,   0.84468,   1
   0.23117,  -4.40959,   2.09767,   0
   1.59729,  -3.49765,  -0.59018,   1
  -3.08700,  -3.06249,   0.57795,   1
  -0.69261,   4.94362,   1.38811,   0
  -3.84375,  -4.38284,   2.14522,   0
  -0.84336,   3.20334,  -0.05657,   1
  -1.90602,  -1.99277,   2.16659,   0
  -4.50291,  -2.75232,  -0.04343,   0
  -0.19779,   2.63177,  -1.77132,   1
   0.86226,   0.49058,  -1.46954,   0
  -1.78799,   2.38656,  -1.10645,   1
   0.65993,  -3.87813,  -1.65660,   1
   5.12382,   0.66462,   1.29731,   0
  -1.51183,  -4.11423,   1.90608,   0
  -1.02639,   1.13513,   0.96519,   1
  -0.87441,  -2.66914,   0.51800,   1
   4.28777,  -4.35057,   1.02540,   0
  -2.10048,   2.70225,   0.64574,   1
   1.08283,   2.10158,  -1.99857,   0
  -3.41080,  -4.73156,   1.77536,   0
  -0.14706,   1.91046,  -2.09755,   0
   4.53941,   4.36558,  -1.10342,   0
  -4.14435,  -1.69115,   1.53680,   0
   2.98275,   4.67895,   1.36733,   0
   3.96081,   3.75478,  -1.36785,   0
   2.46992,  -1.09676,  -0.04616,   1
   4.12510,   2.43180,   1.20150,   0
   1.28266,  -4.96048,  -0.50242,   0
  -0.17860,  -4.70543,   1.01956,   1
  -1.81927,  -0.07646,  -0.11524,   1
   3.38712,  -0.43451,   2.19887,   0
  -0.57346,  -2.74384,  -1.08306,   1
  -4.64388,   2.01618,  -1.55160,   0
   4.70651,   2.01192,   1.74579,   0
   3.41526,  -0.72639,  -1.75715,   1
  -1.90234,  -1.62101,  -1.36187,   1
   3.69606,   0.02096,  -0.06855,   1
   2.83829,  -5.07611,   1.24131,   0
   0.52027,   3.97522,  -1.85757,   0
  -4.60876,   1.53366,   1.36953,   0
   1.31782,  -0.56993,  -1.07813,   1
   4.08850,   5.17859,  -1.82475,   0
  -2.95626,  -1.30305,  -0.00843,   1
  -0.82785,  -2.26051,   0.60713,   1
   2.79089,   1.89224,  -0.37332,   1
  -5.01622,   4.22065,   0.37273,   0
   4.33463,   4.21926,  -0.61255,   0
  -4.13338,  -0.41373,  -1.36276,   1
  -2.23783,  -3.01229,   0.02055,   1
  -2.91836,   3.19873,   2.15656,   0
   4.97979,  -2.80418,  -1.17271,   0
   3.98017,  -3.62395,  -1.60183,   0
   0.38818,  -1.50954,   1.10004,   1
  -1.42675,   3.53748,   1.55426,   1
   2.19635,   2.61477,  -0.16362,   1
  -1.37303,  -4.79549,   0.50515,   0
  -1.93044,  -1.09647,   0.60830,   1
  -0.41447,  -5.05781,  -1.42597,   0
  -2.19595,   4.46849,  -1.40745,   0
  -3.29690,   5.18365,   0.94369,   0
  -4.73830,  -1.74173,   1.72942,   0
  -4.01721,   0.04757,  -1.89260,   0
  -3.25079,   0.02272,  -1.08226,   1
   4.23225,   0.78298,  -0.67143,   1
   1.93480,  -1.24630,   0.99013,   1
   5.00554,  -0.62111,   0.70624,   0
  -1.43497,   1.68612,  -1.07300,   1
   5.02918,   1.92782,   0.97597,   0
  -3.73815,   1.92369,   0.23497,   1
   3.65880,   2.88135,   1.27166,   0
  -0.65062,   0.06346,  -2.08594,   0
  -0.25666,   2.51143,  -0.81704,   1
   3.02705,  -0.09357,   1.68658,   1
  -1.14383,   1.12515,  -1.42789,   1
  -1.00537,   4.22902,   0.17126,   1
   3.01449,   4.24151,  -0.52403,   0
   0.36811,   3.81113,   1.16096,   1
   4.98367,  -5.04310,   1.20074,   0
   4.60432,   3.45640,  -0.64196,   0
  -4.04571,  -3.09758,   1.44389,   0
  -1.25527,  -1.53908,   0.30901,   1
   2.63522,   3.76565,   1.92678,   0
  -0.55175,   4.04763,   0.96260,   1
   0.81840,  -1.16013,   1.70932,   0
  -3.33619,   1.31193,   0.88067,   1
   0.56452,   1.64431,  -1.28525,   1
   0.37644,  -1.01740,  -0.29001,   1
  -0.91730,   1.54265,  -1.28906,   1
  -1.90007,  -1.35345,  -0.66598,   1
  -0.42005,  -5.05095,   1.90214,   0
   0.39014,  -1.38685,  -1.64669,   0
   5.01708,  -0.38264,   1.18965,   0
   2.03010,   4.99568,   1.85525,   0
  -0.61229,   1.97889,  -0.89172,   1
   1.12097,  -4.01936,  -1.42220,   1
   2.94693,  -1.96500,   0.82774,   1
  -5.13872,  -1.23570,  -1.83910,   0
   3.00813,  -2.47415,  -0.42045,   1
   0.39816,   4.14259,   1.30236,   1
  -0.56438,  -1.67590,  -1.67914,   0
  -3.13376,   2.37689,   0.23991,   1
  -2.48259,  -3.06063,   0.48024,   1
  -4.99813,  -3.43516,  -1.73586,   0
   4.94415,  -1.97677,  -1.06417,   0
   2.16868,   2.09008,  -1.43896,   1
  -2.08249,   0.36812,  -1.00003,   1
  -2.44626,  -3.95107,  -1.22063,   0
  -4.75083,  -2.70160,  -0.76736,   0
   4.96610,  -0.36449,   1.68439,   0
   4.78870,   1.57145,   0.34686,   0
   3.66950,   4.58449,  -0.67672,   0
  -0.75956,  -4.24016,   1.10808,   1
  -0.48912,  -0.68527,   1.33525,   0
  -5.09174,   1.97604,   2.11618,   0
  -1.49652,   4.39934,  -0.74525,   1
  -0.50493,  -4.19554,   0.10110,   1
   3.30935,   2.89281,  -1.58680,   0
  -1.63524,  -3.87244,  -1.70077,   0
   1.12658,   1.04319,  -1.76198,   0
  -4.56491,   0.53632,  -1.29043,   0
   4.31539,  -4.92043,  -0.76163,   0
  -2.35371,   4.86253,   0.18645,   0
  -0.85766,  -4.22341,  -0.00937,   1
   2.21807,   5.03540,  -1.78743,   0
   4.60847,  -1.66163,   0.73204,   0
   3.42463,  -3.88638,   0.46849,   0
  -3.15158,  -4.20111,   0.52213,   0
  -0.20505,  -1.84114,  -1.48848,   1
  -3.90784,  -1.27190,   1.02433,   1
   4.96087,   3.98886,  -0.39918,   0
  -2.10192,  -3.12105,  -0.47906,   1
   0.79916,  -0.95991,  -1.19711,   0
  -4.64568,   1.82742,  -0.59706,   0
  -1.63485,  -0.06905,  -0.36498,   1
  -3.05409,   2.68534,  -0.53869,   1
  -1.42672,  -1.85180,   1.07816,   1
  -3.81360,  -5.13187,   0.13682,   0
  -1.46949,   4.25219,  -0.20800,   1
  -3.89717,  -0.01117,   0.14555,   1
  -1.16422,   1.18219,   1.63590,   0
   4.18288,   2.85432,  -2.18526,   0
   4.78639,   2.64080,   1.65657,   0
  -3.52465,   1.92381,  -0.37475,   1
   0.44491,  -2.19682,  -0.99206,   1
  -4.36229,   4.30414,  -0.13710,   0
   2.16720,   3.41043,   1.85944,   0
   4.04126,  -2.16509,   1.54536,   0
  -4.69328,  -0.91474,  -0.09128,   1
  -1.66863,   2.41597,  -1.67426,   1
   4.12001,   0.23614,  -0.43606,   1
  -2.25374,  -1.52411,  -1.37767,   1
   3.35694,  -4.96333,   1.62871,   0
   1.80776,  -4.79321,   0.57812,   0
  -0.26991,   3.81386,  -0.01906,   1
   1.84295,   3.15496,   1.18053,   1
   2.49323,   0.91330,  -1.52974,   1
   1.89921,  -0.49269,  -1.33023,   1
   2.54273,   1.41348,  -1.66267,   1
   4.99036,  -2.12764,  -1.72230,   0
  -2.40400,  -3.62855,   0.53479,   1
  -0.93077,  -4.76339,   1.14418,   0
  -4.21812,   2.99573,   1.33820,   0
   2.52799,   1.43138,  -0.34504,   1
  -1.05510,  -0.53885,  -2.04123,   0
  -2.73637,   4.38948,  -0.85017,   0
   4.12432,  -1.62710,  -1.19216,   1
  -1.90751,   4.72300,  -1.39111,   0
  -3.68604,  -3.52062,  -0.42105,   0
   0.94369,   2.80382,   1.84702,   1
  -4.95689,  -0.00822,  -1.21757,   0
   4.45380,  -3.36179,  -1.17587,   0
   0.41857,   2.12801,   2.01237,   0
  -2.54556,  -4.47004,  -1.02634,   0
   2.87925,  -1.99407,   0.04050,   1
  -1.43072,  -1.51694,   0.04465,   1
  -1.25080,  -0.09059,  -1.36038,   0
   3.57191,  -1.19271,   1.01814,   1
   1.44807,  -5.10456,   1.82752,   0
  -0.95895,   0.38189,  -1.16447,   0
  -4.10089,  -0.02355,   1.77277,   0
   0.50873,   4.43106,   0.58316,   1
  -2.20865,  -2.61264,  -1.62376,   1
  -0.51349,   1.85105,  -1.58494,   1
   2.57375,   1.62523,  -1.25558,   1
   0.05190,  -0.08169,   1.76239,   0
   3.54697,  -4.14654,   2.01266,   0
   3.54396,  -2.83333,  -1.53238,   0
  -0.53747,  -0.14396,  -1.76579,   0
  -4.46712,  -0.53711,  -1.54825,   0
  -4.96696,   0.24495,  -0.04447,   1
  -1.77800,  -0.04974,  -1.26540,   1
   0.34977,  -3.56403,  -0.97526,   1
  -4.49704,  -0.92451,   0.38690,   1
   4.00693,   2.84881,   0.85261,   0
  -0.66187,  -3.56086,  -0.80083,   1
   3.55021,   0.15368,   1.20429,   1
   1.43871,  -1.87346,   0.81218,   1
  -0.44336,  -0.55387,   1.89946,   0
  -0.73262,  -4.19025,   1.72669,   0
   1.59374,   1.15800,   0.90543,   1
  -3.64355,  -3.12149,   2.03901,   0
   1.25170,  -0.91019,   1.98594,   0
  -4.86984,  -4.47114,   0.35135,   0
  -4.11183,  -4.73290,   0.10733,   0
  -1.92911,  -3.06095,   1.92112,   0
   2.40827,  -2.84335,  -1.34751,   1
  -1.56403,   2.45265,   1.41888,   1
   1.78377,  -4.06595,  -1.94580,   0
  -4.31045,   0.55851,   1.47286,   1
  -3.32802,   3.88052,  -0.17115,   0
  -0.75293,   2.39894,   1.85333,   1
  -0.95903,  -3.11793,  -1.40446,   1
  -4.45247,   0.08258,  -0.49672,   1
  -1.14962,  -2.08988,  -1.80086,   1
  -4.34084,   1.91131,   0.15571,   1
   1.30843,   2.86553,   1.12873,   1
  -3.52160,  -3.36070,  -1.87011,   0
  -2.98522,   2.86796,  -1.76395,   0
  -3.73881,  -3.11410,  -1.49539,   0
   3.23885,   4.45785,   1.71901,   0
  -4.42224,   4.91680,   1.38479,   0
  -5.18599,   2.69822,  -0.09305,   0
   2.57729,   0.35490,  -0.91884,   1
  -2.71602,  -4.94570,   1.05952,   0
  -0.19998,  -1.03217,   0.23812,   1
  -1.83901,   2.39204,   1.62741,   1
   4.13151,  -2.89469,   1.36729,   0
   3.01715,  -0.18804,   1.98638,   1
   4.64707,  -1.83819,  -2.07988,   0
  -5.11717,   1.96090,   0.53663,   0
   3.64773,   1.65803,  -0.58463,   1
   2.94893,  -4.98686,   0.48815,   0
   4.59453,  -2.38516,   0.31475,   0
  -1.08318,  -0.73203,   1.13383,   0
  -3.90622,  -2.86219,   0.67629,   1
  -4.87951,   1.75323,  -1.69042,   0
   4.71954,   3.34740,   1.58220,   0
  -1.51784,  -1.63259,  -1.72527,   1
  -0.17370,   0.10207,   0.31111,   0
  -1.01002,   0.34952,  -0.35201,   1
   3.16629,  -3.71988,   1.06793,   0
   2.70167,  -4.56215,  -1.77694,   0
   4.69153,   1.95724,   1.13323,   0
   1.98122,  -3.58614,  -1.88702,   0
  -3.80141,  -3.24620,  -1.49289,   0
  -2.48843,  -3.52899,   1.69623,   0
  -0.31948,   1.59605,  -1.43623,   1
  -3.13469,   4.11256,  -1.69825,   0
   3.77144,   1.28473,   1.46997,   1
  -4.61306,  -0.25143,  -1.69795,   0
   1.49081,  -2.84463,  -0.06703,   1
  -1.62505,  -4.52961,  -2.11398,   0
   1.36407,  -2.26291,  -1.75966,   1
  -1.57662,  -4.08810,   0.21014,   1
  -2.61774,   5.12781,  -2.01448,   0
   0.73825,   1.77842,   1.11629,   1
  -0.80023,  -2.55396,   0.27269,   1
   5.00005,   0.19078,   0.42246,   0
   1.34530,  -4.47992,   0.22395,   1
   1.71099,  -3.06123,   2.14116,   0
  -4.67848,   4.89477,   1.32557,   0
  -3.76812,   4.51027,   1.73432,   0
  -0.94312,   0.99821,   1.96801,   0
  -3.83278,   1.51185,   0.91990,   1
   3.94506,  -5.17648,  -2.14739,   0
   1.52969,  -0.12702,   1.08580,   1
   0.24898,  -0.75652,  -0.30498,   0
   1.74515,  -4.24115,   2.07476,   0
  -4.27504,   2.77636,  -1.83808,   0
   2.33750,  -4.07675,  -1.78235,   0
   2.43052,  -1.87323,  -1.02502,   1
  -2.94286,  -4.83714,  -2.08075,   0
  -4.52595,  -2.60620,  -0.54994,   0
  -3.48040,   2.63719,   0.67339,   1
  -1.96497,   4.96228,   1.02671,   0
  -0.51646,   1.34857,  -2.10724,   0
  -1.74813,   1.69556,   1.30220,   1
  -0.41438,  -5.03088,   2.09799,   0
   2.41964,   1.75437,  -0.04107,   1
   4.55967,   1.06697,  -0.81851,   1
   0.74036,   3.58816,  -1.38835,   1
  -4.18222,  -4.31619,   1.50413,   0
   4.63957,  -5.10183,  -1.91670,   0
  -3.79727,  -1.27753,  -0.96665,   1
  -0.33908,  -0.92703,  -1.00581,   0
   0.71880,  -0.24931,   0.71567,   0
   0.10620,  -0.06278,  -0.16564,   0
   2.53647,  -3.54811,  -1.31100,   1
   4.56637,   2.79282,  -1.40706,   0
  -3.21651,   0.64912,   0.83950,   1
  -1.15165,  -3.16710,  -0.96522,   1
  -4.07630,  -2.81771,  -1.12964,   0
   3.15714,   2.24472,  -0.77090,   1
  -2.64216,   3.64188,   0.72463,   1
   0.80926,  -2.68001,   1.41070,   1
  -0.99059,  -4.69521,  -0.31218,   1
   2.20144,   3.64194,   0.27028,   1
  -4.44688,   2.54631,   0.87875,   0
   1.70519,  -4.68800,   1.01578,   0
   4.65559,   1.51297,  -0.93814,   0
   3.31702,  -2.28751,   1.29522,   1
   2.36991,   0.43884,  -0.39246,   1
  -2.36497,   2.48806,   0.27823,   1
   2.21076,   2.84058,  -0.16283,   1
   3.56427,   0.42753,   1.32125,   1
  -2.91562,   5.14086,  -1.97177,   0
   0.10557,   2.84011,  -0.83979,   1
  -3.82589,   5.10567,   1.01525,   0
   2.66549,  -1.28120,   0.05780,   1
  -2.17636,   1.25016,   0.38521,   1
   1.92433,   1.48699,  -0.48617,   1
  -3.82578,  -4.20232,   1.05736,   0
   1.49743,  -4.69957,   0.05500,   1
   3.08341,   3.52619,   1.83869,   0
  -2.85568,  -4.91548,  -1.42902,   0
   1.75244,   4.05651,   1.04924,   1
  -3.42058,   4.47272,   0.93015,   0
   3.59138,  -3.62002,   2.04300,   0
   4.52982,  -2.59382,   1.90021,   0
   2.63878,  -1.23577,  -0.81216,   1
   1.05977,   3.59095,  -1.68811,   1
   1.76973,   0.75681,  -1.59045,   1
   0.97329,  -0.97399,  -1.14564,   1
   3.12551,  -1.17191,  -1.39270,   1
   3.41857,   0.21207,   0.25917,   1
   0.87884,   3.85916,   0.34299,   1
   3.81323,   2.45670,  -2.19834,   0
  -3.30677,   1.90128,   0.42661,   1
  -4.45025,  -3.23943,  -0.37668,   0
   3.78877,  -2.80859,   0.43889,   1
  -4.83994,  -5.09283,  -0.51603,   0
   2.51286,   0.83691,   1.23642,   1
   1.27447,   3.76318,   1.73008,   1
   0.09329,  -5.14230,   2.11367,   0
   3.79066,  -0.39835,   1.06008,   1
   4.35153,   3.47803,   1.75630,   0
  -1.50745,   1.30494,   0.78563,   1
   1.82171,   2.55650,  -1.80916,   1
   3.70860,  -4.88759,  -1.27335,   0
  -2.45226,   1.12426,  -0.47758,   1
   3.90070,  -4.64325,   0.49571,   0
  -4.94282,  -3.60316,  -2.00145,   0
  -3.65368,  -2.81345,  -0.77959,   1
   1.11815,  -0.33738,   1.72716,   0
   2.74108,  -2.10746,   1.91281,   1
  -4.75850,   0.51066,   2.19819,   0
   1.21530,   4.76703,   0.30670,   1
  -2.91851,  -2.99207,  -0.43982,   1
   3.12772,  -4.72828,   0.02948,   0
  -1.23173,  -0.21589,   1.13653,   0
  -2.44670,  -1.21427,   1.02028,   1
  -3.51184,   3.71044,   0.17265,   0
   2.88202,  -4.98534,   0.32605,   0
  -0.56838,  -0.30233,   1.80621,   0
  -2.14273,   1.97700,  -0.82711,   1
  -0.62821,  -0.70401,   1.41979,   0
   3.11851,   1.30629,  -1.27731,   1
  -1.50509,   2.76010,   2.15094,   0
   0.12827,  -3.93738,  -1.98568,   0
   1.20161,  -0.18336,  -1.98085,   0
  -2.29117,  -1.86140,  -2.11967,   0
  -1.28431,  -3.86795,   0.08657,   1
   3.07573,   2.89381,   0.31877,   1
   0.05892,  -4.25854,  -1.95429,   0
   2.71352,  -2.05873,  -0.57669,   1
  -1.84370,  -4.38793,   1.80293,   0
   0.16436,   0.71587,   0.51372,   0
  -4.33442,   1.30495,  -1.90667,   0
   2.45094,  -4.58279,  -0.24015,   0
   1.02207,   4.17778,  -0.21746,   1
  -0.74768,  -0.55300,  -1.76273,   0
   1.34631,  -0.30711,  -1.94966,   0
   2.00837,   2.41992,  -0.05145,   1
  -0.73971,   2.68542,   0.11425,   1
  -4.02652,  -1.98016,  -0.15217,   1
   0.90016,  -2.77313,  -0.63454,   1
  -3.83502,   0.23204,  -0.29539,   1
  -0.99297,  -5.04110,  -1.66400,   0
   3.14897,   4.72964,  -1.29053,   0
  -1.54369,  -1.56163,   1.80500,   1
  -3.08423,   2.98938,  -1.01111,   1
  -2.04577,  -2.06498,   1.47812,   1
   0.89946,   4.46056,   0.10982,   1
   0.89535,  -0.26185,  -1.70527,   0
  -0.63744,  -3.51584,   1.39668,   1
  -2.55616,   4.96647,  -0.72214,   0
  -0.31363,  -0.39605,   1.27279,   0
   4.39258,   4.33508,   2.18109,   0
   4.15211,  -4.63825,   1.34556,   0
  -2.45412,   2.50059,  -2.02344,   0
  -2.52630,   4.95257,   2.10693,   0
   0.00172,   1.69043,   0.21517,   1
  -3.91428,  -1.65326,  -0.84400,   1
   0.74354,  -1.97146,  -0.46907,   1
   1.31470,  -3.23310,   1.00730,   1
  -1.79610,  -2.49906,  -1.74677,   1
   3.40979,  -1.79078,   1.39527,   1
   4.00353,   1.25408,  -1.73497,   0
   3.40958,   1.23026,   0.98057,   1
   1.94212,  -0.70281,   0.62128,   1
   3.85776,  -1.43859,  -1.55622,   1
  -4.75406,   4.48397,  -0.59454,   0
   2.25297,  -1.45739,  -0.83011,   1
  -1.34857,   3.27778,  -1.14181,   1
  -3.09043,   3.89161,  -1.24771,   0
  -0.98113,   4.07353,   1.75005,   0
   3.56136,   1.41340,  -1.92862,   0
  -2.78060,   4.47511,  -1.49297,   0
  -3.50417,  -3.75803,  -1.24139,   0
   3.24586,  -4.00658,   0.05797,   0
  -2.72007,   0.14491,  -1.47840,   1
   4.44973,  -1.89167,  -0.07046,   1
  -2.16459,   4.33263,   0.79074,   0
   1.22375,  -0.57283,   1.56447,   0
   1.73030,   3.21317,   0.16616,   1
  -0.90174,   3.09860,   0.43755,   1
   4.09022,   0.87391,   2.16900,   0
  -5.13750,   4.76903,  -0.88563,   0
  -0.60522,  -3.21065,   0.99813,   1
  -3.72102,   0.73884,  -1.84596,   0
  -1.16086,  -0.44458,   1.24211,   0
   3.20275,  -5.03426,   2.14295,   0
  -1.75971,  -4.31164,   0.24208,   1
  -2.11182,   4.91407,   1.48621,   0
   0.83165,  -2.21664,  -1.12764,   1
   1.14956,  -3.85234,  -1.13552,   1
   2.31346,   1.13320,   1.14499,   1
  -1.50763,  -2.38599,  -1.90861,   1
   2.61803,  -2.19799,   1.35489,   1
   0.53059,  -4.57812,   1.17990,   1
  -0.11251,   0.11123,   1.71602,   0
  -2.76512,  -0.22938,   0.42894,   1
  -4.75659,  -3.93567,   0.07310,   0
   1.59675,   3.73306,  -1.89982,   0
  -3.11486,   2.04753,  -2.10450,   0
  -1.41584,   0.29593,  -0.11832,   1
  -4.57111,  -3.79314,   1.09528,   0
   1.97352,  -2.57433,   0.79830,   1
  -4.04392,   2.90103,   0.95167,   0
   3.03977,   3.68397,  -0.21123,   1
  -1.07566,   2.35099,  -0.46144,   1
  -0.76414,   3.17077,   2.19094,   0
  -2.23551,   1.92432,   2.16487,   0
   2.99922,   0.32710,  -1.95279,   1
  -0.69626,  -2.85127,  -1.81181,   1
  -1.55239,  -3.04880,  -0.40935,   1
   3.32330,   4.98488,   1.69645,   0
   3.23238,   1.12900,   0.77977,   1
  -2.54091,  -3.57799,   1.37320,   1
  -4.11179,   4.43068,   0.97731,   0
  -4.01349,  -4.39671,   1.06630,   0
   0.80659,   4.19656,  -2.01406,   0
   1.48988,   1.19542,  -1.00522,   1
  -0.54580,   3.66446,  -1.57804,   1
   3.07254,   0.88160,   0.81969,   1
   2.57943,   0.88351,   1.24401,   1
  -5.09087,  -3.65616,  -1.35451,   0
   4.10447,  -0.04514,   1.02977,   1
   2.45031,   0.68972,   0.30974,   1
   1.44085,   1.77901,   2.12322,   0
  -4.89999,   5.11844,   0.68227,   0
  -2.05546,  -4.58933,   0.81777,   0
   4.56003,  -3.62619,  -0.32317,   0
   0.09478,   2.75550,   1.65713,   1
  -0.70086,  -2.57656,   0.36751,   1
  -2.91469,  -0.38665,  -0.86250,   1
  -3.15925,   1.50409,   1.60570,   1
  -0.09116,   3.96328,   0.00771,   1
  -4.91256,  -3.70947,  -0.17872,   0
   3.23001,  -0.81851,   0.53922,   1
   3.88826,  -1.51733,   1.42165,   1
  -4.45729,  -0.29816,   1.61155,   0
   0.11933,  -2.21935,  -0.53291,   1
  -2.53545,   3.47034,  -1.10888,   1
  -0.36903,   4.85128,   1.57241,   0
  -0.09733,   2.45980,   1.42928,   1
  -1.68920,   4.67557,  -1.76748,   0
  -1.79708,  -4.06123,  -1.86248,   0
   4.38268,   5.12326,  -0.89238,   0
  -0.67621,  -1.60643,  -0.59744,   1
  -4.21582,  -0.35704,   1.97308,   0
  -2.00169,   1.28868,   0.44163,   1
   2.19733,   2.96009,   0.17296,   1
   0.23504,   3.64687,  -1.86855,   1
   1.16233,  -2.45738,  -0.19331,   1
  -2.05660,   1.44340,   0.27969,   1
  -2.10749,   3.12512,  -1.05653,   1
   3.78270,   0.95319,   0.66857,   1
  -3.04777,   2.06838,  -0.89908,   1
  -0.64888,  -1.29124,   1.84210,   0
   0.02195,  -3.06862,  -0.14295,   1
   1.14627,   1.14512,   0.28490,   1
   4.11168,  -3.54968,   1.95352,   0
  -0.99076,  -4.76276,   0.71973,   1
  -1.71626,   2.57056,   2.00196,   0
   3.56958,  -4.52947,   0.15948,   0
  -4.16923,   3.16121,   0.23910,   0
  -0.42164,   2.80031,  -0.92584,   1
   2.42167,  -0.99941,  -0.39078,   1
   2.50405,  -4.72498,   0.29580,   0
  -3.50597,  -2.04922,  -1.30519,   1
  -2.04739,   3.12595,  -1.03504,   1
  -4.48237,  -1.68606,   1.19694,   0
  -1.79052,  -3.73749,  -0.00229,   1
   4.59898,  -2.00135,   1.36098,   0
   3.55062,  -1.82416,   0.27075,   1
   4.20364,  -1.10671,  -0.65383,   1
   2.90915,  -3.23230,   0.35779,   1
  -1.23340,   1.14570,  -0.34575,   1
   4.87444,   4.59316,  -0.45209,   0
   2.23865,  -2.15493,   1.40957,   1
  -1.35115,   1.54267,   0.45092,   1
   5.09139,   0.05315,   0.21647,   0
   4.54148,   1.42914,  -1.48069,   0
   5.17420,   1.78806,   1.03421,   0
   4.19069,  -1.06490,  -0.38346,   1
  -1.60976,   0.39487,   1.85746,   0
  -0.31744,   2.45652,   0.20658,   1
  -0.87307,   2.24323,  -1.20228,   1
  -0.95862,   3.42369,  -0.14683,   1
   2.59432,  -3.76909,   1.86068,   0
   0.48376,   0.18434,  -1.05159,   0
   3.25097,  -3.04081,   0.85496,   1
  -4.39570,  -4.44461,  -0.94136,   0
   1.44144,   5.03685,   0.86047,   0
  -3.07265,   0.88305,  -1.16830,   1
  -2.13522,  -4.45679,  -0.59453,   0
  -5.10516,   0.77871,   0.44040,   0
  -5.08481,   3.88419,  -1.19503,   0
  -2.97998,   1.17821,  -0.62669,   1
  -2.61233,   4.80202,   1.64085,   0
   2.77442,   2.25193,   0.43373,   1
  -2.36565,  -2.05517,  -0.01098,   1
  -3.06455,  -4.23560,   1.99662,   0
   1.56136,  -5.08715,   0.19695,   0
  -0.27125,  -2.22889,   1.54003,   1
  -2.43471,  -3.71519,   0.66722,   1
  -1.78535,  -0.93561,   1.27685,   1
  -2.79059,  -3.33900,  -0.18159,   1
   2.72097,   1.07102,  -1.22268,   1
   0.54977,  -2.95595,  -0.26011,   1
   2.77172,  -0.51485,   2.00785,   0
   2.19251,  -3.88268,   2.00719,   0
   4.23435,  -2.30964,  -1.93118,   0
   2.64115,   4.48365,  -1.85373,   0
   2.58144,   0.22979,   1.94513,   1
  -1.95415,   0.90972,   2.08782,   0
  -4.88036,  -1.55450,  -1.01647,   0
  -0.06268,  -0.43906,  -2.09736,   0
   0.69841,  -2.74976,  -0.45184,   1
   4.74760,  -2.14885,   0.47184,   0
   5.07115,   4.58538,  -1.75622,   0
  -0.60544,   4.13610,   0.79205,   1
  -4.93175,  -2.25252,  -0.64223,   0
  -4.72033,   4.10349,   0.51627,   0
  -4.77688,  -4.07040,  -1.53130,   0
   4.91679,  -2.94437,  -0.01420,   0
  -0.40352,  -2.42035,  -0.12453,   1
  -2.02588,   1.87581,  -0.00150,   1
   0.95432,  -0.83896,  -0.09887,   1
   0.89890,   4.90036,  -1.15196,   0
   1.67823,   2.99659,   0.88305,   1
   1.04400,  -5.11875,   1.25747,   0
  -0.32055,  -1.94948,   1.38343,   1
   3.07228,   1.46630,   1.17324,   1
  -0.44302,   4.85506,  -0.42034,   1
  -3.76501,   2.72231,  -1.44181,   0
   0.04034,  -2.76506,  -0.56258,   1
  -4.32627,  -2.48243,   0.38126,   0
   3.08660,  -4.89750,  -1.63401,   0
  -1.42978,  -1.50697,  -0.96010,   1
   1.03504,   4.56870,   1.06322,   1
   2.55832,  -0.96983,   1.42217,   1
  -0.33327,  -3.75596,  -0.97719,   1
  -4.74489,   3.11326,  -1.07468,   0
  -1.74241,   2.41957,  -0.64451,   1
  -4.54168,   2.07522,  -1.42452,   0
  -1.21384,  -4.94756,   1.28756,   0
  -1.58492,  -1.23822,  -1.23519,   1
  -1.86992,   3.23241,  -0.48085,   1
   2.07656,  -0.54174,   1.93732,   0
   4.62914,  -4.93658,   0.72836,   0
   4.65700,  -4.87706,   1.57529,   0
   0.83657,  -3.92537,   0.72703,   1
   5.16877,   4.06758,  -1.16486,   0
  -0.28651,  -1.42650,   0.49026,   1
   0.18235,  -0.07029,   0.21629,   0
  -4.25169,  -4.21340,  -0.95531,   0
  -2.52232,  -2.91164,  -0.81315,   1
   1.84603,  -2.31421,  -0.36413,   1
   4.24330,   1.73707,   1.73883,   0
  -3.43229,   0.78795,  -0.33317,   1
   4.57871,  -4.07800,   0.78937,   0
  -0.40876,   2.56467,  -1.02615,   1
  -4.00380,  -1.37006,  -0.32450,   1
  -0.58587,  -0.86864,  -0.77642,   0
   2.37771,  -2.87354,   0.18944,   1
   0.82557,   0.25695,   2.07258,   0
   0.10504,   3.10762,  -1.43598,   1
  -2.13943,   0.42026,   1.94163,   0
   3.72648,   3.91473,   2.06018,   0
  -2.10677,   3.32709,  -0.55813,   1
   1.75755,   1.95180,  -1.98199,   0
   5.18342,   0.74801,   0.50960,   0
   0.35521,   4.33666,  -1.68414,   0
  -0.71076,   0.04954,   1.61975,   0
  -0.80677,  -1.01095,   1.57558,   0
  -1.95815,   1.62566,  -1.52962,   1
   3.25886,  -1.26521,   0.60126,   1
  -4.03368,  -1.07613,  -1.55580,   1
   1.46291,  -2.75995,   0.88565,   1
  -3.88504,   1.80917,  -2.00076,   0
   2.39655,  -3.95592,   1.08952,   1
   1.27628,   2.84467,   0.71396,   1
  -1.52069,  -2.48308,   2.14754,   0
   3.43612,  -1.64717,   1.02598,   1
   4.11577,   5.16721,  -0.77803,   0
   3.30039,  -1.48563,   1.96155,   0
  -5.17864,   4.79353,   0.48833,   0
  -4.81045,  -0.65629,   0.20533,   1
  -3.77953,  -3.26972,   0.77389,   0
   2.00841,  -2.35006,  -2.11801,   0
  -3.70966,  -3.08625,  -1.55736,   0
   1.60538,   0.91346,  -1.45412,   1
  -4.00518,   4.18574,  -0.53129,   0
  -3.05373,   1.50619,   0.88745,   1
  -2.15137,  -1.10817,  -0.96009,   1
   0.82656,   0.17461,   0.70592,   0
  -4.48531,  -2.09970,   1.83536,   0
  -5.11102,   5.07601,   1.66286,   0
  -0.76343,  -4.48065,  -0.63586,   1
  -2.04662,  -1.30045,  -1.55009,   1
  -3.17195,  -2.21111,   1.33212,   1
  -0.68876,  -3.50024,  -0.87698,   1
  -3.88182,  -4.55282,  -0.90807,   0
  -4.03254,   3.73070,  -0.61954,   0
   4.39091,  -0.51642,   2.00136,   0
   5.08861,   3.69045,  -0.92989,   0
  -3.31694,  -3.00480,   1.69239,   0
  -4.57393,  -4.99770,  -1.14655,   0
  -2.02953,   5.10831,  -0.88188,   0
  -1.60480,  -1.09518,  -1.45291,   1
  -3.88213,   0.83844,   0.59261,   1
   2.01071,  -0.76233,  -0.97443,   1
  -4.72191,  -3.17439,   1.73366,   0
  -3.50286,   4.53642,  -0.70345,   0
   0.74587,  -4.43676,   1.25390,   1
  -3.11027,  -2.06640,   1.88302,   0
   4.46143,   4.23978,  -0.29179,   0
  -3.56566,  -1.02079,   0.95179,   1
   0.92042,   0.04210,   1.28995,   0
   2.97810,   4.09581,   1.90941,   0
   1.00328,   3.07022,  -0.17432,   1
  -1.11117,  -3.09748,   1.51801,   1
   1.51740,   1.35259,   0.15331,   1
  -1.87822,   4.95153,   0.35626,   0
   5.13435,   5.08010,   1.09877,   0
   1.60620,  -1.03540,  -2.08514,   0
  -4.15320,   4.77010,  -0.72619,   0
  -3.14837,  -3.01332,   1.35652,   1
   2.51315,  -1.29348,   2.02105,   0
  -1.55216,   2.74423,   0.70060,   1
  -0.10623,  -1.05834,   0.86864,   0
   4.59856,   2.21703,   0.47176,   0
  -0.22185,   1.28949,   0.23442,   1
  -3.28469,   0.65859,  -1.53658,   1
  -2.87231,  -4.71496,   1.08831,   0
   2.88318,  -1.93697,   0.78879,   1
   4.04535,  -1.04907,  -0.58589,   1
  -4.83943,  -5.12471,   1.14494,   0
  -3.10772,   2.83733,  -0.20419,   1
  -1.33583,   1.27232,   0.77483,   1
  -4.00938,   2.31793,  -0.22457,   1
  -1.86793,   3.85394,   1.02008,   1
   2.22315,  -2.83396,   1.34154,   1
  -0.54030,   1.16361,   0.30963,   1
   4.96024,  -3.19723,  -0.40521,   0
  -4.77662,  -1.11825,   0.78072,   0
  -3.87816,   0.28710,  -1.51659,   1
  -1.08842,   3.13548,   1.43362,   1
   4.11935,  -0.39503,  -2.09104,   0
   1.09754,  -3.29907,  -0.38273,   1
  -0.21919,   2.69434,  -0.99595,   1
  -3.58373,  -3.28262,  -1.10589,   0
   2.28770,  -0.25340,  -2.11096,   0
   3.19234,  -2.13208,  -2.11466,   0
   4.58823,   4.48238,  -0.47875,   0
  -4.79226,  -4.77963,   0.84959,   0
  -1.00229,   0.04586,   2.17422,   0
   4.38734,  -3.16572,  -0.19143,   0
  -0.13941,  -0.47657,  -0.24345,   0
  -2.65507,   2.12974,  -1.46594,   1
   0.29680,   3.37344,   0.57147,   1
  -3.37423,  -2.16532,   1.36112,   1
   1.70708,  -0.84773,  -2.04614,   0
   2.51666,  -3.74313,  -0.14946,   1
  -3.90190,   3.56255,   1.06491,   0
  -0.91214,  -2.95261,  -1.26663,   1
   4.63943,   1.37412,  -0.43320,   1
  -5.17091,   1.35070,   2.06088,   0
   4.79770,   2.41985,   0.53270,   0
  -3.21680,   0.65808,  -1.08349,   1
  -3.26028,  -2.84599,   1.77885,   0
  -4.39755,   1.20611,   1.74403,   0
  -1.28283,  -1.12959,  -0.34826,   1
  -4.47818,   4.76707,  -0.63737,   0
   1.80249,  -4.27029,   0.78892,   1
   1.13000,   4.96216,   1.07483,   0
   0.49156,   0.82896,   1.90411,   0
   2.47721,  -4.03380,  -1.37864,   0
  -4.51184,  -2.48919,  -1.88816,   0
  -0.58925,   2.58717,   1.57502,   1
  -1.61724,   4.14825,   0.79754,   1
   1.23364,   4.59529,   0.14278,   1
   1.37555,   3.03394,   1.43071,   1
   0.51706,   0.09003,  -0.48315,   0
   2.41201,   4.58910,   1.82899,   0
  -2.19635,   3.39012,  -0.58486,   1
  -4.57060,   1.38383,  -1.01644,   0
   0.07408,  -0.06345,   1.27140,   0
   3.01755,  -0.22103,   1.64068,   1
  -5.17835,   0.30515,  -0.49814,   0
  -2.58604,  -1.79287,   1.18409,   1
  -1.14587,  -0.45148,  -0.62991,   1
  -3.60305,  -0.88996,   1.99308,   0
  -5.01495,  -2.10430,  -1.70737,   0
   0.41695,   0.94180,   0.69530,   0
   1.48569,   0.86641,  -0.40509,   1
  -1.99527,  -1.32639,   0.49358,   1
  -3.04995,  -5.16833,   1.99761,   0
   0.21802,   1.31097,   1.63675,   0
   4.50468,   4.04043,   1.17530,   0
  -3.60422,   4.32028,  -1.85079,   0
   0.66524,   2.60264,  -1.35618,   1
  -1.81268,  -3.65318,  -1.04132,   1
  -1.74772,   2.57131,   1.90347,   1
   2.94444,  -4.87934,  -1.54630,   0
   2.51128,   0.58975,   1.76036,   1
  -0.47654,   2.97559,   0.30657,   1
   4.56192,   1.61518,   0.25366,   1
  -2.39618,  -3.55693,  -1.06530,   1
   4.77259,  -4.02327,  -0.78766,   0
   2.38045,  -3.14655,   0.60165,   1
  -1.02250,  -2.37827,   0.37929,   1
   2.57143,  -2.58893,   2.07809,   0
   1.17104,  -1.82822,   0.80154,   1
   4.46665,  -4.80623,   2.01595,   0
  -1.31187,   4.02443,   0.08938,   1
  -3.55579,  -1.73285,  -1.66818,   1
  -3.87638,  -2.16196,  -1.17097,   1
   1.25672,   4.44300,  -1.57831,   0
  -3.13049,   0.94967,   0.63602,   1
   5.18026,   2.22319,  -1.58934,   0
  -0.25877,  -2.81951,   1.55886,   1
  -0.37731,  -0.79708,  -0.44502,   0
  -4.62003,  -3.42455,  -1.73702,   0
   2.75013,   3.17950,   1.74161,   0
   3.20186,   2.57592,   1.63506,   1
   4.75767,  -3.71470,   0.86954,   0
   1.27020,   1.53644,   1.04078,   1
  -1.70437,  -2.90945,  -0.29037,   1
   4.02022,   2.05115,  -1.90429,   0
  -1.12472,   1.49506,  -1.01888,   1
  -1.78169,  -4.92073,   1.26972,   0
   1.81421,  -1.69889,   2.12745,   0
  -0.83601,  -0.27439,  -1.80801,   0
  -1.37598,  -2.59932,  -1.50526,   1
   2.44818,  -3.32875,   1.84025,   0
   0.96245,   1.46849,   0.14403,   1
  -1.63972,  -2.84726,   0.65673,   1
   1.24575,  -1.27824,  -1.65639,   0
   1.62711,  -3.17739,  -0.67053,   1
   1.10499,  -2.01340,  -1.09059,   1
  -0.06837,   4.77797,   0.34202,   1
  -2.04100,  -1.01612,  -1.53280,   1
  -2.08291,   0.55776,   2.18329,   0
   2.79375,  -4.16424,   0.79941,   0
   1.19402,  -4.07905,  -1.56336,   0
  -1.20276,  -4.52685,   1.14783,   0
  -4.28097,   4.71402,  -0.96777,   0
  -3.81273,   2.80404,  -0.88904,   1
   1.93305,   3.83979,  -0.56378,   1
   2.56950,   2.10540,  -1.92587,   1
  -0.03202,  -2.73189,  -0.46562,   1
  -4.23741,  -2.32513,  -1.19598,   0
   2.39471,  -0.98258,  -1.49266,   1
   4.08494,  -1.82349,   1.10164,   1
   3.28438,  -3.49993,  -1.39328,   0
  -1.02972,  -1.62014,  -2.18168,   0
  -4.91806,  -5.05113,  -0.73166,   0
  -2.54631,  -3.42163,  -1.66131,   0
  -2.43803,  -2.83338,  -2.16862,   0
   0.76837,  -1.70448,  -1.48036,   1
  -3.50280,   1.15200,   1.38410,   1
  -3.38947,   4.58519,  -0.58006,   0
  -0.85872,  -0.99308,  -0.89794,   1
   1.72047,   2.90068,  -1.23464,   1
   2.46107,  -3.38053,   0.21036,   1
   3.26179,  -0.88765,   0.62843,   1
  -1.68576,   0.73545,   1.45846,   1
   0.36378,  -4.61836,   0.65050,   1
  -4.43858,   4.05543,  -1.80773,   0
   3.52124,   4.91144,   0.65605,   0
  -0.19011,   3.48302,   2.12892,   0
  -0.02321,   2.24579,   0.01531,   1
  -0.24009,   1.01818,   1.17237,   0
  -0.80346,   2.60985,   0.53118,   1
  -4.72014,   0.49899,   2.03297,   0
  -4.27766,   5.16848,   0.02387,   0
  -1.10905,  -2.03416,   0.29760,   1
  -0.52110,  -1.97543,  -1.67667,   1
   5.15574,   3.87458,  -1.07108,   0
  -0.20695,  -1.70495,  -1.28091,   1
   3.32478,  -1.44291,   1.75035,   1
   0.61117,   4.62092,   0.69795,   1
  -3.46724,   0.36986,   0.43398,   1
   2.05556,  -4.54113,   0.02916,   1
   3.41125,   5.04446,   1.80546,   0
   2.07015,   0.12593,  -0.83593,   1
  -0.80468,  -4.92692,  -1.24533,   0
  -2.30397,   3.69671,   1.67643,   0
  -3.17386,  -2.98487,  -1.69534,   0
   4.18657,   0.91207,   1.58067,   0
  -3.04264,   0.07792,  -2.03387,   0
  -4.45699,  -0.56267,   0.85864,   1
   2.57674,  -3.96571,  -1.85069,   0
   1.27500,  -0.49668,   0.91027,   1
  -4.36229,   0.22077,  -0.17616,   1
   3.68509,  -4.01445,   1.73017,   0
  -4.63872,   0.26005,  -1.86821,   0
  -4.16093,   2.08946,  -0.05008,   1
   4.13597,   4.28361,  -0.04264,   0
  -3.07069,   3.15333,  -1.37343,   1
   1.51925,   1.17273,  -0.53740,   1
  -0.55898,   0.07069,   1.19586,   0
   3.29843,  -1.15232,   1.63841,   1
  -0.89663,  -2.79618,   1.08293,   1
  -3.68423,  -2.78411,   0.07975,   1
  -1.28852,   2.81255,   1.60019,   1
  -0.94959,  -0.13052,  -0.23121,   0
  -0.87079,  -3.42649,  -1.17817,   1
  -0.66302,  -4.98028,  -0.12120,   0
  -2.03334,  -1.04337,  -1.39116,   1
  -2.29776,  -3.72569,   0.23744,   1
  -0.45217,   1.39856,  -2.17468,   0
   3.18039,  -1.68671,  -0.75553,   1
  -1.70787,   1.28306,   1.33499,   1
   3.01503,  -4.61083,  -0.34629,   0
   3.56809,   1.56435,   1.70662,   1
   0.42937,  -3.72315,  -2.16081,   0
   1.95936,  -4.69760,   0.44519,   0
  -3.73335,   4.64402,  -2.14371,   0
   4.72241,  -2.88125,  -1.43115,   0
   1.31441,   3.76120,   0.31894,   1
  -3.72896,  -1.21705,   0.98555,   1
  -2.27222,   3.10546,   0.02932,   1
   4.71597,   5.02552,  -2.04651,   0
   4.18037,   4.62464,  -1.10712,   0
   3.66360,   2.66293,  -1.74243,   0
  -3.20834,   1.84581,   0.28730,   1
   2.49755,   3.92133,  -0.49078,   1
  -4.38676,   3.02286,  -1.90804,   0
  -2.27846,  -1.29592,  -1.61178,   1
  -5.09895,  -4.50519,   1.71844,   0
   2.72970,  -0.15393,  -0.58239,   1
  -3.16431,   1.91861,  -1.85292,   1
   2.95450,  -1.08019,   1.86649,   1
  -1.05077,  -1.43611,   0.83136,   1
  -2.66556,  -3.61764,  -0.99268,   1
   5.01567,   2.41307,  -0.27666,   0
   1.91856,   2.78301,   0.62420,   1
  -1.58197,  -0.63577,   1.07209,   1
  -1.04880,   0.45355,   2.01467,   0
   0.59565,  -2.65360,  -0.35624,   1
  -2.81215,  -0.81490,  -0.58311,   1
   3.43212,  -2.57765,  -0.29781,   1
  -0.33191,   3.31957,  -0.30918,   1
  -0.10088,  -0.12458,  -1.16145,   0
   0.67303,   1.54145,  -1.90271,   0
   0.51495,   2.78241,   0.93381,   1
   2.35277,   2.28739,  -2.01162,   0
  -1.68566,   0.57841,  -0.93229,   1
  -3.74079,  -3.62727,  -1.59807,   0
   4.16688,  -3.06701,  -1.12621,   0
   3.30869,   1.51264,   1.91477,   0
   4.22117,   2.20477,   1.07949,   0
   3.73686,  -2.56544,   0.18381,   1
   1.07554,   4.18110,   0.97306,   1
   3.37024,  -0.68044,  -1.84171,   1
   3.62296,   4.27022,  -1.93656,   0
   5.07509,   0.86932,  -1.80895,   0
   4.21372,   0.10008,   1.34426,   1
   0.76234,   4.90596,  -1.65388,   0
  -1.88466,  -1.19490,   0.49609,   1
  -3.54628,   4.02013,   1.90560,   0
   0.44906,   0.45395,   0.33063,   0
   3.96333,  -4.30361,  -0.16943,   0
   2.26799,   1.57818,  -0.97416,   1
   0.33937,   2.68610,   0.02202,   1
  -4.89214,  -3.87444,   0.49130,   0
  -1.24780,   0.46475,   0.59763,   1
   1.63627,   0.85124,  -0.71506,   1
  -3.80550,  -2.87278,  -1.58723,   0
  -3.20623,  -3.18440,  -1.72167,   0
   3.07874,  -2.71560,   1.01079,   1
   3.75355,  -3.42016,  -1.64636,   0
   5.06961,  -1.40513,   1.72407,   0
  -3.53832,  -1.11161,  -1.12058,   1
  -3.32529,   3.49863,   0.25598,   1
   2.13386,  -4.05079,   1.57475,   0
   0.08733,   2.33059,   1.71652,   1
  -0.07775,  -1.79991,   0.12116,   1
  -3.46894,  -0.38364,  -1.96237,   0
   2.28084,   4.48880,  -2.14721,   0
  -0.89668,  -0.17201,   2.18537,   0
   0.46650,   1.22080,   1.93190,   0
  -4.76215,   0.88255,   1.39509,   0
   3.70685,  -5.18514,   1.53385,   0
   2.05090,  -4.76075,  -1.73688,   0
   1.88046,  -2.37474,   1.06993,   1
   4.51461,  -4.11888,  -0.50565,   0
   1.70607,   2.54232,   0.38121,   1
   1.39304,   2.40943,   1.68886,   1
   2.78581,   1.34935,  -1.82536,   1
  -1.18003,  -0.30960,   0.78561,   1
  -0.48991,   0.47634,   1.23305,   0
   0.52965,  -3.37129,   0.60795,   1
  -3.77630,  -1.52378,  -0.26015,   1
   1.65279,   3.61838,  -1.97981,   0
  -4.20543,   0.84551,   0.52925,   1
  -1.83789,  -1.16087,   1.95023,   0
   2.60854,  -5.08365,   1.21689,   0
   4.81771,  -3.22323,  -2.01338,   0
  -2.55563,   3.12242,   1.78832,   0
   1.64839,   3.52781,  -0.78681,   1
   1.06260,  -2.21659,   2.18879,   0
   1.67334,  -2.62456,   0.10434,   1
  -2.52031,  -0.15288,  -0.43317,   1
  -3.28120,  -4.42341,   0.34458,   0
  -5.18308,  -4.30362,  -2.02192,   0
  -3.53284,   4.19642,   0.79591,   0
   3.61544,  -2.63126,  -1.90903,   0
   4.26723,   4.18140,  -0.58894,   0
  -2.68287,  -1.16773,   2.10154,   0
  -1.23419,  -4.11523,   1.85724,   0
   0.00980,   4.16078,  -1.53922,   1
   2.93984,  -1.37469,   0.97706,   1
  -4.56585,   3.46773,  -1.51431,   0
  -1.67938,   3.27904,  -0.43364,   1
  -2.14608,  -3.27525,  -0.62360,   1
   2.58560,   0.37243,   1.85374,   1
  -0.54097,   3.44253,   1.62147,   1
  -4.03565,   5.01175,   1.64226,   0
   2.71067,  -1.62095,  -1.65928,   1
  -1.18895,   0.60134,  -2.06503,   0
  -4.58184,   3.15430,  -1.89490,   0
  -4.98832,   3.18190,   1.93106,   0
   3.50908,   3.18174,   1.67584,   0
   3.05504,   4.30718,   0.17136,   0
   2.22140,  -2.71657,  -0.69742,   1
  -0.23391,   2.64206,  -1.39990,   1
  -0.70523,   3.39526,   2.18333,   0
  -4.38615,   1.84056,   0.94995,   1
   3.46296,  -2.07805,   1.39135,   1
  -2.03613,  -4.77587,   0.89530,   0
  -3.55217,   0.84335,  -1.60449,   1
  -2.44855,   2.84853,  -1.29191,   1
   1.00321,  -4.91202,  -0.12950,   0
  -3.31819,   0.07621,   1.67159,   1
  -4.72780,  -2.87132,  -0.35631,   0
   2.63775,   1.21763,  -1.57557,   1
   0.22108,  -2.89415,  -2.19660,   0
   4.25590,  -0.36305,  -0.01988,   1
  -3.61024,  -2.78629,  -1.92014,   0
   0.81140,   0.18675,   0.03295,   0
   1.62397,  -2.87331,   1.00713,   1
  -0.86237,  -4.63691,  -0.02505,   1
  -4.61317,   1.03112,   1.13353,   0
  -1.10193,  -4.25856,  -2.04835,   0
  -0.03277,   3.45401,  -1.42162,   1
  -1.30926,   2.47989,  -1.71734,   1
  -1.96030,  -0.46312,   0.73927,   1
   4.82466,  -4.25596,   1.20454,   0
  -5.05223,   1.58146,   1.71187,   0
  -4.32878,   0.70633,   1.71112,   0
  -1.32461,  -2.33656,  -0.13679,   1
  -2.42534,  -3.99574,  -0.33738,   1
   4.33447,  -3.06528,  -1.51986,   0
  -2.77284,   3.25658,   1.95322,   0
  -4.77414,  -4.11116,   1.55099,   0
  -2.55366,   4.06237,   0.13698,   1
  -5.01513,   4.32903,  -1.91066,   0
   2.74705,  -3.38620,  -1.38299,   1
  -3.32126,  -0.99052,   1.17381,   1
  -0.80712,  -4.74936,  -1.72934,   0
   2.46028,   4.24955,   0.91406,   0
   2.59864,   1.04187,  -2.03525,   0
  -0.13858,   3.00390,   0.23791,   1
   2.77408,  -2.04172,   0.06427,   1
   2.48802,  -2.26179,  -0.29349,   1
  -4.67548,  -4.28335,   1.46111,   0
  -1.37244,  -2.85670,   1.46341,   1
   0.44664,  -2.46407,   1.23840,   1
  -4.42839,   4.51965,   2.00093,   0
   1.75551,  -0.00610,   0.10482,   1
   4.69850,  -1.83972,  -2.11583,   0
   0.47848,  -5.17802,  -1.12354,   0
   3.59119,   3.54498,  -0.79788,   0
   3.46983,   4.71566,   0.16789,   0
   3.26937,  -0.91345,   0.69293,   1
   2.75744,  -2.00320,   1.44182,   1
  -0.19386,   4.20950,  -0.64137,   1
  -3.79824,   2.70107,  -0.21456,   1
   4.36057,   3.77056,  -0.75257,   0
   4.43896,   3.80709,   1.20558,   0
  -0.06922,   2.14646,  -0.48424,   1
   5.13135,   4.53712,   0.57134,   0
  -0.25519,   3.07046,  -1.25400,   1
  -3.56503,   0.96058,   1.34359,   1
   4.37498,  -4.82412,   2.10014,   0
  -0.39943,  -4.65403,  -1.59846,   0
   4.74973,   2.17459,   1.52936,   0
   0.00536,   4.81283,   1.27435,   0
  -0.11960,   2.59813,   1.65178,   1
   1.80361,  -2.24512,  -0.45633,   1
   3.73166,  -4.98262,   1.39078,   0
  -4.76740,  -1.22193,   1.37914,   0
   0.79617,   4.91122,   0.21523,   1
  -4.80087,  -1.30588,   1.37721,   0
  -4.88545,  -4.43662,  -2.18406,   0
   4.44071,  -4.23027,  -0.78293,   0
  -1.64074,  -0.25963,   1.93078,   0
   2.49005,   0.51109,   1.57279,   1
  -2.47147,   4.89333,   1.88179,   0
   2.16901,   4.77199,  -1.71111,   0
  -4.23215,  -3.57502,  -0.26199,   0
   2.13475,  -2.45048,  -1.65122,   1
   4.59951,  -0.24134,  -0.10761,   1
  -1.59573,   2.54009,  -0.45039,   1
  -3.65346,  -2.49731,  -1.51873,   0
  -4.86221,   2.56288,  -2.02450,   0
   4.57107,  -1.67284,  -1.13527,   0
  -4.10711,   2.13071,   1.80457,   0
   1.19148,  -0.97239,  -0.87771,   1
  -1.87520,  -2.30728,  -1.79853,   1
  -3.14917,   4.76280,  -1.71217,   0
  -4.07966,  -3.58531,  -0.61719,   0
   3.30135,   1.64425,   0.51039,   1
  -2.61756,   5.08400,   0.03202,   0
  -0.23349,  -2.86191,  -0.20272,   1
  -0.76772,   0.71937,   1.95506,   0
   4.73330,   1.99234,  -0.18211,   0
  -0.32714,   1.90529,   1.45086,   1
   1.69722,  -1.55695,   0.21004,   1
  -1.16217,   2.19592,   1.97081,   0
   4.52453,  -1.18289,   1.24830,   0
   0.32189,  -0.86650,   0.95242,   0
   4.04931,  -2.36236,  -0.81011,   1
  -1.13269,   2.99770,   0.55818,   1
   3.64299,   2.20331,  -1.41414,   1
  -2.87835,  -3.56931,  -0.19711,   1
   5.15656,   4.83336,  -0.23853,   0
  -1.59135,   2.20724,  -1.21437,   1
  -2.86445,   3.17469,  -0.90443,   1
   1.77840,   3.15630,   1.07237,   1
   1.29890,   2.32137,  -0.11873,   1
  -2.06553,  -1.03752,   1.89797,   0
   2.49789,   0.52344,  -1.61735,   1
   0.70717,  -2.91494,   1.60400,   1
   3.91507,   3.79731,   1.68200,   0
   5.08830,  -1.97115,   1.88739,   0
   3.34869,  -0.63986,   1.14950,   1
  -4.48779,  -3.17697,   2.02715,   0
   3.31525,   1.98165,   0.95678,   1
  -1.57354,   3.64098,   1.09414,   1
   0.55624,  -0.33418,   2.04776,   0
  -1.38223,   4.82163,   2.06703,   0
   4.24918,  -2.25248,   1.73074,   0
  -3.86016,   2.43139,  -1.50114,   0
  -2.42214,   4.81167,  -1.77357,   0
  -1.56112,   0.36959,  -1.24149,   1
  -1.34682,  -2.83759,  -0.66061,   1
  -2.90340,  -0.01006,  -2.03143,   0
   4.63874,   0.88031,   1.99728,   0
  -1.73738,   4.28456,  -1.20979,   0
  -2.01280,  -3.53879,   0.24645,   1
   3.31353,   2.65608,  -0.77883,   1
   3.19126,   5.16295,  -1.46256,   0
  -4.93862,   4.89848,   0.38552,   0
   2.51739,   2.38260,   1.36792,   1
   2.95157,   0.47936,  -0.09539,   1
  -1.00835,  -3.83282,  -0.88494,   1
   4.07392,   0.19986,  -0.63521,   1
   3.68847,  -5.14120,   0.89829,   0
   1.87300,  -1.03646,  -0.71753,   1
  -5.12676,   3.72353,  -0.74905,   0
   2.49451,   1.96457,  -0.77324,   1
  -0.48436,   2.22082,   1.10198,   1
  -4.16365,   4.50637,  -1.71907,   0
  -3.31842,  -4.00013,  -0.00416,   0
  -3.50327,  -2.42755,  -1.24132,   1
  -3.18708,   1.97748,  -0.16328,   1
  -0.29919,   4.97911,  -0.25882,   0
   2.86855,  -2.22275,   1.74162,   1
   1.77496,  -1.62253,  -0.26855,   1
  -1.82447,  -2.00788,   1.24476,   1
   1.99060,   3.00731,  -0.67875,   1
   4.59436,   1.19918,   1.51853,   0
   3.65463,   1.57058,   1.69038,   1
   3.50590,   1.75181,  -1.75655,   1
   1.59180,  -2.42958,   0.07574,   1
   4.15028,  -1.02841,   1.89823,   0
   0.11489,   2.20906,  -0.92505,   1
  -0.19376,   3.05935,   0.87619,   1
   1.20365,  -2.68067,  -0.59822,   1
  -0.98231,  -0.13568,   1.53832,   0
   1.83609,  -4.45167,   1.09182,   0
  -2.48441,  -5.19958,   1.77435,   0
  -2.19035,   4.82393,  -1.68207,   0
  -0.47218,   2.01457,  -0.24228,   1
  -1.16665,  -3.74429,   1.71287,   1
   2.77444,  -4.31746,   1.84991,   0
   4.54424,  -1.76885,   0.08821,   1
  -2.13454,  -1.67664,   0.86004,   1
   1.58247,  -3.76872,  -0.99939,   1
  -3.16912,   0.43257,   0.05367,   1
   1.44148,   3.94357,   0.48165,   1
   2.03360,   4.66084,   1.52490,   0
  -3.55437,  -0.54526,  -2.16939,   0
  -2.69363,   3.28148,   1.93518,   0
   3.46624,   0.24204,  -1.21839,   1
   1.00680,  -0.85202,   0.62080,   1
   3.28765,   3.75862,   1.02913,   0
  -1.69723,  -0.00775,   0.89989,   1
  -4.35125,  -4.46135,   0.33758,   0
   4.58958,   1.42603,  -0.56107,   1
  -4.66469,   0.70687,  -0.61651,   1
   4.49955,  -5.02985,   2.12861,   0
  -4.97590,  -1.00174,  -0.16286,   0
  -5.14592,   1.80918,  -1.11364,   0
   1.62372,  -3.80513,  -1.65708,   0
  -4.43538,   3.49640,   0.50416,   0
  -4.84930,   5.11960,   1.42539,   0
  -0.36705,  -2.86326,   0.55609,   1
   2.13619,   1.33669,  -1.00162,   1
   3.96495,   2.07787,  -0.30125,   1
   3.69665,   4.81880,   0.61238,   0
   4.80307,   1.25876,  -0.22430,   1
   4.67017,  -0.35455,  -1.81169,   0
  -3.26482,   1.29897,   1.75315,   1
  -1.43605,   4.97370,  -2.05757,   0
   0.66969,   4.70562,  -0.29612,   1
  -0.53604,   3.39437,   1.16510,   1
   0.77288,   0.75232,   1.32152,   0
   0.97978,   0.65143,  -0.70888,   1
  -3.09968,   3.59931,   0.43089,   1
   2.19448,  -0.07600,   0.31655,   1
   4.49792,   3.57871,  -0.24488,   0
   4.55422,  -0.14788,  -0.86503,   1
  -4.84522,   2.88213,  -0.53385,   0
   2.25781,   0.92579,  -2.19712,   0
  -4.84757,   0.17978,   0.32318,   1
  -0.19314,  -4.88317,  -1.21573,   0
  -1.42274,  -0.28727,  -1.97873,   0
   4.35688,   4.76590,   0.11009,   0
  -1.92995,   1.20509,  -0.85870,   1
   2.84435,  -4.25341,   0.43877,   0
   3.20528,   1.08264,  -0.07661,   1
   0.06286,   2.01659,   1.76923,   0
  -2.81808,  -1.31388,  -0.38116,   1
   4.09035,   1.57303,  -0.06253,   1
   4.21964,  -3.72722,   0.75651,   0
   3.26470,   0.31343,   0.65785,   1
  -0.55122,   0.82787,  -0.63303,   0
   4.89198,  -4.22698,   0.44836,   0
   0.95843,   3.31302,  -1.17771,   1
  -4.61594,   3.73796,   0.60823,   0
  -0.37108,  -2.13541,   0.87201,   1
  -2.86509,   4.51917,   1.13768,   0
   3.58508,   0.82711,  -0.03982,   1
   4.11006,   4.50169,   0.17973,   0
  -2.32607,  -2.37346,   0.48780,   1
  -0.74619,  -4.31301,   1.72528,   0
   3.21192,  -1.80276,  -1.02317,   1
  -1.96529,   3.32294,  -0.66440,   1
   4.82453,   1.51298,  -0.34941,   0
   1.79892,   5.08318,  -0.68709,   0
   3.60443,   3.68322,   1.06437,   0
   0.41679,   2.08633,  -0.91369,   1
  -2.19457,   1.94886,  -2.02839,   0
   1.99366,   3.96272,   0.39897,   1
  -1.96127,  -3.40320,   0.26157,   1
  -2.38499,  -0.88584,  -1.60756,   1
  -3.00915,  -4.11074,   0.85605,   0
  -1.05877,  -1.73462,  -1.07465,   1
  -3.73705,   1.95836,  -2.06311,   0
   4.05538,   5.03294,  -0.69719,   0
   1.70266,   1.44129,  -1.84023,   1
  -2.48208,  -0.37955,  -0.56785,   1
  -0.12328,   2.81523,  -0.15735,   1
   2.99547,   1.04951,  -0.38897,   1
  -2.56271,   4.65465,  -0.34252,   0
  -0.19764,  -3.44109,  -1.50307,   1
   4.24811,   4.71176,   0.65780,   0
   0.13064,  -3.64503,   0.72671,   1
   3.60535,  -1.79910,   2.17934,   0
  -0.49853,   2.54324,   0.64669,   1
  -3.91874,  -1.84089,   0.18406,   1
  -0.62021,   1.36519,  -0.56830,   1
   2.94524,  -3.00223,  -1.23927,   1
  -1.71108,   3.75075,   1.57581,   1
   2.69851,  -1.75877,   1.88538,   1
  -5.08510,   4.50662,   1.25416,   0
  -5.06482,  -3.28199,   0.55027,   0
   2.84276,  -4.10139,   1.50102,   0
   3.23091,   0.52091,   1.90656,   1
  -2.37142,  -3.85268,  -0.36705,   1
   3.79647,  -1.37438,   1.67510,   1
  -0.46794,  -4.89393,   1.57430,   0
  -3.83282,  -2.15652,   1.92797,   0
  -4.71275,  -2.75796,   0.08055,   0
  -3.79229,  -3.25180,   0.98216,   0
   4.22338,  -3.02140,  -1.27105,   0
   4.96169,   3.65575,   1.22756,   0
  -4.51486,   4.04852,   0.13613,   0
   1.63318,   4.08229,  -1.86429,   0
  -1.17938,  -3.74509,   0.14751,   1
  -0.26347,  -1.13014,   1.44275,   0
  -2.76775,   3.47149,  -0.60938,   1
  -3.23582,  -0.77115,  -0.61332,   1
   0.61526,  -2.72362,  -1.78551,   1
   0.35740,   5.16155,  -1.34722,   0
  -3.74908,  -0.49969,  -2.10968,   0
  -1.54970,   2.21465,  -1.80290,   1
  -4.80315,  -1.03638,   0.84649,   0
   2.35936,  -1.84362,  -0.40800,   1
   0.49565,   0.22435,  -1.74364,   0
  -1.45296,  -3.39345,   0.20929,   1
  -0.85995,  -3.62728,  -1.55470,   1
  -3.28642,   4.09051,   1.47766,   0
  -1.95810,  -3.15769,   1.19581,   1
  -3.99351,   4.54293,  -1.43471,   0
   2.61011,   2.34665,  -0.97803,   1
  -1.77622,  -3.05139,   1.28153,   1
   5.06186,   2.84015,   2.05394,   0
   0.87030,  -4.47490,  -0.89214,   1
  -1.05459,  -1.68665,  -2.04611,   0
  -2.05746,  -3.47590,  -1.04908,   1
   2.76457,   1.20798,  -0.41990,   1
  -1.06100,  -0.27025,   0.83570,   0
  -2.33483,  -0.20292,   1.52382,   1
   0.64086,  -3.77246,   1.25949,   1
  -3.58640,  -3.87346,  -1.75128,   0
  -2.15525,  -2.37256,   1.32084,   1
  -3.09478,   2.18824,  -0.85540,   1
   1.83763,   3.02749,  -1.86352,   1
  -1.76085,   0.97793,   0.87956,   1
   4.30055,  -1.32733,  -1.54241,   0
   4.72195,   2.85686,   0.87853,   0
   3.95666,   2.04829,   2.01477,   0
  -1.27702,   1.34627,  -1.07289,   1
   4.97731,  -0.24795,  -2.08820,   0
   3.59702,  -4.45251,   0.67029,   0
   0.50255,   1.55358,  -0.08704,   1
   3.53679,  -0.97468,   0.31282,   1
  -2.37534,   0.86908,  -1.49339,   1
   0.10818,   4.41156,   0.00034,   1
  -3.98069,   4.25681,   1.40848,   0
   1.37542,  -0.78885,   0.80199,   1
   0.34199,  -1.16799,   0.87851,   1
  -1.55381,  -0.99467,  -0.86114,   1
  -4.85417,   2.85282,  -1.85570,   0
  -2.34657,   4.93839,  -1.59671,   0
   4.97955,   4.89235,   0.19287,   0
  -2.31120,   0.92204,   1.77367,   1
  -2.09806,   3.13807,  -0.98806,   1
  -1.56193,  -3.24905,   0.70695,   1
   2.52074,  -1.93034,  -1.41446,   1
  -3.90268,  -0.26110,  -0.98794,   1
   4.03932,   0.71806,   0.30202,   1
  -5.08397,  -2.10398,   1.81720,   0
   1.90704,   4.79458,   0.46073,   0
  -4.12049,  -2.53959,   0.97341,   0
  -0.39842,   2.43480,  -2.02334,   0
  -3.93617,  -1.67892,  -0.00198,   1
   2.69938,  -2.77217,  -0.09431,   1
  -4.46033,   2.81521,   0.84492,   0
  -2.45144,  -2.97022,   0.66328,   1
  -0.89663,   3.00174,  -1.25306,   1
  -1.70188,  -3.54488,  -1.47008,   1
  -5.09165,  -1.73916,   0.65552,   0
  -0.44997,   3.24929,   1.68936,   1
   2.30222,   1.66996,  -1.16078,   1
   1.46919,  -1.50283,  -0.52669,   1
  -2.69840,   1.72491,  -0.57037,   1
   0.51702,   4.76648,   1.07850,   0
  -2.94632,  -3.57203,   1.13183,   1
   5.18569,   1.21425,  -0.97431,   0
  -5.15906,   0.29233,  -0.23572,   0
  -0.67513,   3.60971,  -0.22308,   1
  -4.41066,   1.53430,  -1.08611,   1
  -0.22610,   0.90764,  -0.64959,   0
  -3.12617,   4.77474,   1.07237,   0
   1.88859,  -4.39415,   1.80254,   0
  -3.26741,   1.61275,   0.97293,   1
  -4.13892,   3.14291,  -0.63290,   0
  -5.06388,   0.09825,   0.90733,   0
   4.59010,  -2.84009,  -1.82983,   0
   3.50230,   0.74511,   0.73141,   1
   1.62297,  -0.78787,   0.72082,   1
  -1.42379,  -2.51897,   0.25098,   1
  -0.18763,   5.13380,   0.88725,   0
   0.71301,   1.33114,   1.22259,   1
  -2.36020,  -0.37277,  -0.05991,   1
   4.54120,  -0.57888,   0.53930,   1
   2.26896,   4.14267,  -1.40459,   0
  -3.66364,   3.89900,   0.25113,   0
  -4.16782,   1.80011,   1.45072,   0
  -2.36849,   3.15087,   0.22645,   1
   0.86093,  -1.52403,  -0.47033,   1
  -3.05271,  -1.74469,   2.05545,   0
   5.00216,   2.59655,   0.46982,   0
  -2.51690,  -1.29963,  -1.52822,   1
   0.29830,   4.87598,  -1.27893,   0
   1.62866,  -1.20124,   0.23995,   1
  -2.55346,  -0.83835,   2.10880,   0
   0.85038,   2.90798,   1.20163,   1
  -2.55989,   0.60279,  -1.33190,   1
  -0.74913,  -3.09808,  -1.64049,   1
   1.33933,   0.48871,   1.52065,   0
  -0.04410,   0.55322,   1.38860,   0
  -0.05553,  -1.82643,   1.57553,   1
  -5.08362,  -2.69836,  -1.72925,   0
   4.56770,   1.13529,  -0.51114,   1
   3.77689,   4.87285,  -1.42132,   0
  -3.67891,   3.83462,   2.09828,   0
   3.18484,  -1.49099,   0.02826,   1
  -2.82831,   4.72237,  -1.34108,   0
  -5.13270,   1.39760,  -1.94095,   0
  -0.47116,   2.50246,   0.78191,   1
   0.61617,   3.86763,  -2.14123,   0
   0.12129,  -0.83575,  -1.37755,   0
  -1.64509,   0.83830,   0.88752,   1
   3.66597,   3.34129,   1.27067,   0
   2.00149,   1.15509,   0.97299,   1
  -1.20482,   1.40216,   0.95344,   1
  -1.39957,   0.25019,  -1.32656,   0
  -2.73958,  -4.49058,  -1.90899,   0
   3.92595,  -1.42147,  -1.19947,   1
  -3.23483,   4.59151,   1.10160,   0
  -1.82702,  -3.90802,  -2.18718,   0
  -1.81308,  -2.69129,  -1.86827,   1
  -3.38183,  -0.87169,   1.23415,   1
   1.33594,   3.53202,  -0.28994,   1
  -0.61576,  -3.20155,   1.01192,   1
   2.30966,  -4.15620,   2.13028,   0
  -1.55319,  -4.19176,   1.23999,   1
  -0.72275,   3.39473,  -0.32294,   1
   1.85287,   2.57978,   1.67515,   1
  -2.84605,  -2.15967,  -0.01008,   1
   0.09159,   1.88013,  -1.04500,   1
   2.98773,  -2.91280,   1.14015,   1
  -3.00572,   4.33039,  -0.91936,   0
   2.43091,   2.32799,  -1.22682,   1
   3.33654,   2.89735,   1.96821,   0
   3.04493,   4.78157,  -0.54373,   0
   3.19336,  -0.66655,   1.17156,   1
   1.57949,   0.69848,   1.60191,   0
  -4.83567,   3.98676,   0.34253,   0
   2.94583,  -3.31011,  -2.08029,   0
  -3.26719,  -0.66786,   1.08182,   1
  -0.07765,   5.14699,   2.16951,   0
  -1.33991,  -1.61837,   1.37350,   1
  -3.12306,  -5.11983,   1.01346,   0
   1.92004,   3.51421,   1.65350,   1
  -1.24239,   4.81771,  -1.83375,   0
  -3.63718,   3.80576,   0.10591,   0
   1.30963,  -0.87839,  -1.12528,   1
  -3.11480,  -2.30928,  -0.51182,   1
  -0.14950,  -4.91502,  -2.19972,   0
  -3.67380,  -2.05525,  -0.39891,   1
   1.18646,  -3.09391,   0.89456,   1
   2.58473,  -1.29260,  -0.27687,   1
   2.09404,  -0.60156,  -0.35852,   1
  -1.28539,   2.59286,  -0.51466,   1
   1.59663,  -4.17705,   0.15094,   1
  -5.15226,  -4.85180,   0.64593,   0
   0.81458,  -4.79515,  -0.10229,   1
  -0.23226,  -5.14390,  -2.09236,   0
  -1.14387,   2.72015,   0.22738,   1
  -1.25257,  -0.18983,  -2.04523,   0
   1.31370,   0.49958,  -1.98015,   0
   4.15978,   4.40748,   2.00300,   0
   1.19168,  -3.70797,  -0.33139,   1
   2.37128,  -4.22654,  -0.89570,   0
  -4.28369,  -2.55509,   0.25662,   0
   4.46387,  -3.48716,  -1.54117,   0
  -2.50818,   0.41545,   1.64806,   1
  -1.65688,   3.17505,   0.06195,   1
   3.31782,  -5.17143,   0.24003,   0
  -0.48997,  -5.13464,   2.04956,   0
   0.72774,  -4.20974,  -2.16223,   0
  -3.65285,  -0.73291,   1.57167,   1
   2.56695,  -3.39300,  -1.86212,   0
  -0.67245,  -1.80561,  -0.99161,   1
  -4.01750,   4.09361,   1.46919,   0
   2.65902,   4.05410,  -0.89646,   0
   4.04220,  -3.25226,  -0.59666,   0
   1.23900,   4.85673,   0.14609,   0
   2.37721,  -2.95140,  -0.16357,   1
  -2.37030,  -4.77000,   0.04784,   0
  -0.61339,  -2.70086,  -0.37326,   1
   1.14107,  -3.50771,   1.34371,   1
  -2.47386,  -4.12467,   1.31782,   0
  -1.22952,   0.00957,  -1.19033,   0
  -2.83906,  -4.68236,  -1.42330,   0
   3.21548,   4.55618,  -0.58205,   0
   4.11539,  -3.80436,  -1.02815,   0
  -0.90984,  -3.22923,   1.61704,   1
   0.36804,   3.24242,  -0.82424,   1
  -0.34462,  -2.28901,   1.52972,   1
  -1.43666,  -1.23830,  -1.53671,   1
  -0.87881,   0.05566,  -1.71274,   0
   0.29944,  -2.44930,  -1.23193,   1
  -1.45482,  -3.20539,  -1.23490,   1
  -3.85184,  -3.62876,   2.18510,   0
  -0.72505,  -1.13314,   1.27521,   0
   1.25681,   2.04948,  -1.08322,   1
  -4.80490,  -2.81997,  -1.04233,   0
   4.84478,   2.62097,  -0.50225,   0
   1.75641,   4.88470,  -0.96490,   0
  -3.30591,  -0.79286,   0.96329,   1
  -2.24312,   2.68574,   1.81355,   1
  -1.62660,   3.21741,  -1.15947,   1
   0.29066,   2.62927,   0.78030,   1
   1.53859,   1.66125,   0.33845,   1
